-- phpMyAdmin SQL Dump
-- version 5.2.1
-- https://www.phpmyadmin.net/
--
-- Servidor: 127.0.0.1
-- Tiempo de generación: 29-08-2024 a las 22:20:54
-- Versión del servidor: 10.4.32-MariaDB
-- Versión de PHP: 8.2.12

SET SQL_MODE = "NO_AUTO_VALUE_ON_ZERO";
START TRANSACTION;
SET time_zone = "+00:00";


/*!40101 SET @OLD_CHARACTER_SET_CLIENT=@@CHARACTER_SET_CLIENT */;
/*!40101 SET @OLD_CHARACTER_SET_RESULTS=@@CHARACTER_SET_RESULTS */;
/*!40101 SET @OLD_COLLATION_CONNECTION=@@COLLATION_CONNECTION */;
/*!40101 SET NAMES utf8mb4 */;

--
-- Base de datos: `colegio`
--

-- --------------------------------------------------------

--
-- Estructura de tabla para la tabla `alumno`
--

CREATE TABLE `alumno` (
  `cedula` bigint(20) NOT NULL,
  `cedula_representante` bigint(20) DEFAULT NULL,
  `nombre` varchar(255) DEFAULT NULL,
  `direccion` varchar(255) DEFAULT NULL,
  `telefono` varchar(15) DEFAULT NULL,
  `pago` float(10,2) NOT NULL,
  `curso` varchar(4) NOT NULL,
  `matricula` int(60) NOT NULL
) ENGINE=InnoDB DEFAULT CHARSET=utf8mb4 COLLATE=utf8mb4_general_ci;

--
-- Volcado de datos para la tabla `alumno`
--

INSERT INTO `alumno` (`cedula`, `cedula_representante`, `nombre`, `direccion`, `telefono`, `pago`, `curso`, `matricula`) VALUES
(18, 18662865, 'Arthur Trump', '', '0414', 72716.92, '2GU', 60),
(19, 18662865, 'Mary Jane', '', '0412', 75894.20, '1AA', 60),
(1181, 24255496, 'RAISH FELISOLAS KARLA MARIA', '', '04246726117', 6582.60, 'S5', 0),
(1182, 24255496, 'RAISH FELISOLAS MARIA GABRIELA', '', '4246726117', 6582.60, '1GU', 0),
(1183, 24255496, 'QUINTERO FELISOLAS JUAN JOSE', '', '04246726117', 6582.60, '3GU', 0),
(20241, 2024, 'xabi jr', '', '04122', 0.00, 'S5', 60),
(10089686, 10089686, 'HERNANDEZ ROMERO MARIANGEL DEL JESUS', '', '0424', 26721.00, '4AA', 60),
(16621559, 16621559, 'GONZALEZ SUAREZ AMELIA ROSALIA\n', '', '4140706017\n', 0.00, 'S3', 60),
(18341459, 18341459, 'MOLINA AVILA AMAIIA SHARLOT', '', '04146621274', 0.00, '1GU', 0),
(18920806, 18920806, 'BLANCO ARAMBULO EMMA SOFIA\n', '', '4146960093\n', 0.00, 'S3', 60),
(20203896, 20203896, 'PARRA VELASQUEZ MATHIAS EDUARDO', '', '0414', 0.00, '1GU', 0),
(31750414, 12308903, 'HERNANDEZ LEON GABRIEL ANTONIO', '', '04146048400', 2194.20, '5AA', 0),
(31966293, 1281472, 'BARRIOS AMAYA ANDRES DAVID', '', '04245612926', 0.00, '5AA', 60),
(31989454, 9776926, 'PINTO GONZALEZ TRINA', '', '0', 2191.00, '5AA', 60),
(31989693, 15435057, 'RAMIREZ PINEDA CLAIRENIS SOFIA', '', '04146162910', 0.00, '5AA', 0),
(32039300, 12595624, 'RONDON ABREU  RAFAEL ANDRES', '', '4246690288', 2012.45, '5AA', 60),
(32082373, 15286004, 'MORONTA CHACON PAULA VALENTINA', '', '4146252230', 1943.52, '5AB', 60),
(32093770, 13002180, 'RAMOS MORENO SEBASTIAN HAON', '', '04146474779', 0.00, '5AB', 0),
(32175781, 5066207, 'GASCON FARIA HURBIS ALEXANDER', '', '04146564423', 0.00, '5AB', 60),
(32219730, 16781455, 'ISEA CAMPOS IVANNA ANYELINA', '', '4127859211', 4375.00, '5AB', 60),
(32219772, 18576728, 'SAEZ ZERPA JUAN PABLO', '', '04149659911', 0.00, '5AA', 60),
(32283028, 18285228, 'GUILLEN GARCIA  NICOLLE GABRIELA', '', '4243111238', 4393.00, '5AA', 60),
(32303100, 13830397, 'VILCHEZ CAMACHO RACHELL CHIQUINQUIRA', '', '04146715572', 4388.40, '5AA', 0),
(32303415, 12760569, 'ALARCON TERAN DEIBY DANIEL', '', '04146311024', 2190.60, '5AA', 0),
(32388023, 17089974, 'SIFUENTES ALVES VALERIA PAOLA', '', '04246140169', 4394.40, '4AB', 0),
(32422900, 17806944, 'FERRER BONIVENTO ANA VALENTINA', '', '04120691476', 4388.40, '5AB', 0),
(32427178, 17415258, 'SANTANA ESPINA KENSIBEL NICOLL', '', '0', 2166.00, '5AA', 50),
(32468860, 7701601, 'CERVANTES FERNANDEZ ENMANUEL JESUS', '', '04243684118', 2194.20, '4AB', 0),
(32469282, 14026122, 'HANSEN CARDOZO SANTIAGO DAVID ', '', '04143673549', 2196.00, '4AB', 0),
(32480344, 13561890, 'PELLEGRINI GAMEZ GIOVANNA CAROLINA', '', '04246358603', 2170.80, '5AB', 60),
(32480490, 11858457, 'TOAN VASQUEZ CARLOS EDUARDO', '', '0', 6589.80, '5AB', 60),
(32480503, 13580730, 'GARCIA PADRON EDGAR JOSE', '', '04126417974', 2190.60, '5AB', 0),
(32509548, 21354676, 'MONTIEL SANTOS LEIVER JOSE', '', '04246098664', 2197.50, '5AB', 0),
(32597578, 12804633, 'PEREZ CASTELLANO GABRIELA GAUDI', '', '04149622271', 4388.40, '5AB', 0),
(32609571, 15623191, 'DIAZ ROJAS DIEGO ANDRES', '', '04246825308', 0.00, '5AB', 0),
(32698728, 13370057, 'SANCHEZ GARCIA LAURA', '', '04246895405', 4388.40, '4AA', 0),
(32742591, 14598641, 'NUÑEZ OLIVERA YISELLY CRISTMAR', '', '04121288567', 2194.21, '4AA', 0),
(32749950, 11033046, 'CASTILLO NIETO, DIEGO ISAAC', '', '4146505450', 4390.80, '4AA', 60),
(32777589, 17294481, 'D JESUS MANZANILLA CAMILA SOFIA', '', '4146908726', 8780.00, '4AB', 60),
(32778111, 14631653, 'MENDEZ OSORIO VICTORIA DE LOS ANGELES', '', '04146914422', 0.00, '3AB', 60),
(32794058, 13930701, 'MENDOZA CHACIN EDUARDO ANDRES\n', '', '4142627366', 2635.92, '4AA', 60),
(32838604, 12801593, 'GOARIN FUENMAYOR ENMA JOSELIN', '', '0', 2196.00, '5AA', 60),
(32878210, 10447298, 'GUERRERO MONTIEL ADRIANA MARIA', '', '04242178991', 4382.80, '4AA', 0),
(32892526, 16354126, 'QUINTERO AVILA ANTONIO DAVID', '', '04246941112', 0.00, '4AB', 0),
(32894229, 14305523, 'MORALES FALCON VALESKA DE LOS ANGELES', '', '0414', 0.00, '5AA', 60),
(32940218, 14305063, 'TORRES VERA, JOSE DAVID', '', '0412', 0.00, '5AA', 60),
(32963500, 13003339, 'GONZALEZ FERRER, ALEJANDRO ENRIQUE', '', '4246040406', 2181.00, '5AA', 60),
(32964797, 20689481, 'ACOSTA SAYAGO MIA VALENTINA', '', '4146472995', 2195.00, '4AA', 60),
(32967482, 17294786, 'BARRIOS ARIAS CHRISTOPHER DAVID', '', '04146916834', 4394.40, '4AA', 0),
(33044045, 16355296, 'BOSCAN MENDEZ MARIA VICTORIA', '', '04246938623', 0.00, '4AB', 0),
(33048841, 15260244, 'FARIA LINARES DIEGO SEBASTIAN', '', '04124732750', 2193.00, '4AB', 0),
(33104892, 15531364, 'MORILLO MENDEZ ANGEL DAVID', '', '0414', 2195.00, '5AA', 60),
(33127299, 9737163, 'VALECILLOS PAZ ALONDRA MARIA', '', '4146989439', 2194.80, '4AA', 60),
(33142674, 13242497, 'CHACIN GARCIA, DANIEL ALBERTO', '', '4166261364', 4389.60, '4AB', 60),
(33152348, 19394405, 'RINCON SANTOS MERI JEAN', '', '04246307964', 6512.55, '5AB', 60),
(33190415, 17953846, 'NUÑEZ PEREZ DIEGO ELI\n', '', '4246278301', 4376.40, '5AA', 60),
(33192538, 15938268, 'SUAREZ SANCHEZ  JESSON JOSE', '', '04120603331', 0.00, '3AB', 60),
(33221140, 10427049, 'PAZ FARIA EMILY ALEJANDRA', '', '04146215895', 2193.55, '4AB', 0),
(33221387, 16748050, 'OROPEZA AÑEZ, SANTIAGO ADOLFO\n', '', '4146674237', 2220.00, '4AB', 60),
(33288418, 15401644, 'LUZARDO OCANDO ANDRES ARTURO', '', '0414', 2190.60, '3AA', 0),
(33314567, 19211351, 'RUIZ IBARRA PEGGY KAROLINA', '', '04123170442', 2190.60, '5AA', 0),
(33317332, 15097562, 'CIANNETTI TINAURE, LUCIANA VALENTINA', '', '04246768599', 2193.60, '5AA', 60),
(33318087, 16355438, 'ZABALA AVILA JESUS EDUARDO', '', '0424665186', 2193.00, '2AA', 0),
(33318256, 7973470, 'MONTILLA MUÑOZ MARIANA\n', '', '0', 2166.00, '2AB', 0),
(33318477, 9714502, 'RIERA OCANDO DIXON DAVID', '', '04249648272', 2193.00, '5AA', 0),
(33319061, 12394564, 'SANGRONIS CARRERO, NAIRIANA DE JESUS', '', '4146261470', 1656.07, '5AA', 60),
(33320693, 12595624, 'RONDON ABREU  GABRIEL ANDRES', '', '4246690288', 2012.45, '2AA', 60),
(33321013, 13005553, 'MORALES NOGUERA LUISANGEL ZAUL ', '', '4246785459', 2195.40, '4AA', 60),
(33321360, 14279684, 'MANAURE CRESPO JONAIKEL', '', '04127207606', 2192.40, '3AB', 0),
(33321904, 16780429, 'TORRES CORDERO SAMANTHA NICOLE', '', '04246524216', 0.00, '3AA', 0),
(33323658, 16295519, 'MOLLEDA MEDINA LEONARDO DAVID', '', '4246200507', 4440.00, '3AB', 60),
(33339519, 17806944, 'FERRER BONIVENTO ANASTASIA  SOFIA', '', '04120691476', 6582.60, '3AA', 0),
(33342736, 16016236, 'HERNANDEZ BOSCAN SEBASTIAN ANDRES', '', '04146162034', 2190.60, '3AB', 0),
(33400380, 16459884, 'FUENMAYOR POLANCO, MANUEL ALEJANDRO', '', '4140708541', 2194.80, '3AA', 60),
(33431468, 17462664, 'HERNANDEZ BRICEÑO NEISABETH DEL CARMEN', '', '04246686545', 8769.60, '5AA', 0),
(33452769, 13023110, 'TORRES ARDILA ANGELING SOFIA', '', '04121666177', 2194.20, '2AB', 0),
(33484626, 10804849, 'VILLALOBOS PEREZ JENNIFER MARIAN\n', '', '0414', 2035.00, '1AA', 60),
(33484679, 10804849, 'VILLALOBOS PEREZ STEFANNY', '', '4146815995', 2035.00, '5AA', 60),
(33508141, 14762585, 'LEON HERNANDEZ MARIA EMILIA', '', '4166606792', 2194.80, '3AB', 60),
(33555775, 14918317, 'ROMERO BRACHO ENMANUEL DAVID', '', '0414676167', 4381.20, '4AB', 0),
(33595325, 14349853, 'PAZ ACOSTA ALEXIS ARTURO', '', '04146023458', 0.00, '4AA', 60),
(33662669, 20689481, 'ACOSTA SAYAGO NORELIS CRISTINA', '', '4126503134', 2195.00, '2AB', 60),
(33663002, 15987764, 'MONTAÑO GONZALEZ SAHELIN SOFIA', '', '04126923320', 0.00, '3AB', 0),
(33663144, 15987764, 'MONTAÑO GONZALEZ SAIRELIN ESTEFANI', '', '04126923320', 0.00, '2AB', 0),
(33673261, 14700981, 'SILVA RODRIGUEZ JOSE ANGEL', '', '04146048400', 2194.20, '2AB', 0),
(33706668, 17089974, 'SIFUENTES ALVES SANTIAGO JOSE', '', '04246140169', 2197.20, '2AA', 0),
(33724136, 12217544, 'FUENMAYOR PULGAR VALENTINA PAOLA', '', '04146447081', 2195.00, '2AB', 60),
(33732492, 7890296, 'GARCIA URDANETA SOFIA CAROLINA', '', '4146030001', 17558.40, '4AB', 60),
(33739459, 14824972, 'NEGRON ACOSTA PAULA SOFIA', '', '4126061290', 2200.00, '2AB', 60),
(33739462, 14824972, 'NEGRON ACOSTA, ISABELLA SOFIA', '', '4126061290', 6593.00, '4AA', 60),
(33794045, 10419011, 'GARCIA CARRIZO JUAN ANDRES', '', '4146168422', 2195.00, '4AA', 60),
(33888927, 17310212, 'DE CUBA GUIPE SEBASTIAN', '', '4249513806', 4387.00, '3AA', 60),
(33889577, 14135789, 'RAMOS MOLINA CRISTOPHER ALEJANDRO', '', '0424098769', 2190.60, '2AB', 0),
(33890632, 10437912, 'SANCHEZ FLORES RADY ANGEL', '', '4140637722', 2193.60, '3AB', 60),
(33891712, 17443279, 'PEREZ HERMAN ANDREILY NICOLE', '', '04146105531', 0.00, '2AA', 0),
(33893007, 12697051, 'ROMERO GUTIERREZ  HEYWUARD JESUS', '', '04146095910', 0.00, '2AB', 60),
(33893057, 20844862, 'ALVAREZ HUERTA ROSANGELA CHIQUINQUIRA', '', '0412', 2220.00, '3AA', 60),
(33893168, 14598641, 'NUÑEZ OLIVERA BRYAN ALEXANDER', '', '04121288567', 2194.21, '5AA', 0),
(33893213, 16354783, 'SOCORRO HERNANDEZ SANTIAGO JESUS', '', '04146056889', 4342.80, '2AB', 60),
(33893300, 12697051, 'ROMERO GUTIERREZ HAWUARD JUNIOR', '', '04146095910', 0.00, '3AB', 60),
(33913406, 17182905, 'RAMIREZ ZAMBRANO YEINER SANTIAGO', '', '0412747505', 0.00, '1AB', 0),
(33960435, 8702545, 'CENCE SOCORRO SOPHIA VALENTINA', '', '0424615403', 0.00, '4AB', 0),
(34014290, 15260244, 'FARIA LINARES ANABEL SOFIA', '', '04124732750', 2193.00, '1AA', 0),
(34014368, 9196040, 'ROMERO ROMERO MARIA PAULA', '', '04246702640', 4341.60, '5AB', 60),
(34048882, 14647766, 'ZAMBRANO BRETT LEONARDO JESUS', '', '4146439300', 4332.00, '2AA', 60),
(34057327, 12697639, 'SAMBRANO MALDONADO YEIXALY', '', '4246047687', 2195.40, '2AA', 60),
(34078109, 22479256, 'PINEDA AVILA SANTIGO JESUS', '', '4146727010', 4388.00, '1AB', 60),
(34082352, 11286247, 'ARIAS ANCIANI MANDA SOFIA\n', '', '4146246954', 2194.80, '4AA', 60),
(34082439, 15320077, 'MORONTA URBINA DANIELA VALENTINA', '', '04141674700', 2190.60, '3AB', 0),
(34083637, 14737023, 'FERRER DIAZ ANGEL DE JESUS', '', '4141657645', 4393.80, '1AA', 60),
(34085432, 16836433, 'GONZALEZ GONZALEZ SOFIA VICTORIA', '', '04120065499755', 2194.20, '2AB', 0),
(34085925, 9738856, 'CARRUYO GONZALEZ ANDRES EDUARDO', '', '0414', 2192.40, '1AB', 0),
(34086087, 13830988, 'DUDAMELT SANCHEZ MIGUEL EDUARDO', '', '4121609826', 2194.80, '1AA', 60),
(34086321, 18341459, 'MOLINA HERNANDEZ ANGEL AUGUSTO', '', '04146621274', 0.00, '4AA', 0),
(34086522, 19704694, 'CONTRERAS GONZALEZ VALERIA ALEJANDRA', '', '04129682843', 4383.60, '2AB', 0),
(34086930, 13242580, 'TORRES FUENMAYOR SOL NAOMI', '', '04146114800', 2191.00, '3AB', 0),
(34087581, 9776926, 'PINTO GONZALEZ LAURY ANDREA', '', '4149768376', 2191.00, '1AA', 60),
(34089336, 12442174, 'PARRA ESTRADA AANDREA VALEENTINA', '', '04123887407', 0.00, '2AA', 60),
(34089504, 13175683, 'FUENMAYOR VILLALOBOS DIEGO ANDRES ', '', '04146617277', 2194.22, '2AA', 0),
(34118565, 11863422, 'CORTESIA PARRA ANA VICTORIA', '', '0412696533', 4381.20, '3AB', 0),
(34241225, 12212692, 'ACOSTA MILLANO SAMUEL ENRIQUE', '', '04120726190', 2197.20, '3AB', 0),
(34278850, 15764673, 'HERNANDEZ CALLEJA SEBASTIAN ENRIQUE', '', '04127711308', 0.00, '2AB', 0),
(34313253, 15561813, 'FUMINAYA ZAMBRANO DANNA SOFIA', '', '4146522481', 17568.00, '1AA', 60),
(34353047, 15559479, 'GARCIA AÑEZ GERARDO ANDRES', '', '04246372444', 2195.00, '2AA', 60),
(34371216, 14007214, 'RODRIGUEZ BURGOS SANTIAGO ANDRES', '', '14007214', 2166.00, '2AA', 60),
(34418937, 19645136, 'AÑEZ JORDAN NICOLE VALENTINA', '', '04146092134', 4388.40, '2AA', 0),
(34420920, 13958063, 'CORREA CASERES ENMANUEL SANTIAGO', '', '4146579226', 0.00, '4AB', 60),
(34420973, 11866942, 'AVILA MENDOZA MIA VALENTINA', '', '04246824277', 2190.60, '1AA', 0),
(34421112, 7774032, 'QUINTERO MORAN CESAR GABRIEL', '', '04246187834', 6571.80, '3AA', 0),
(34422179, 7786714, 'CHAVEZ LOPEZ IVAN SANTIAGO', '', '4146271034', 2193.60, '2AB', 60),
(34452390, 16151441, 'NAMMOUR VALENCIA DARIN', '', '04146061351', 0.00, '3AA', 0),
(34460305, 13996326, 'RONDON CARDOZO KAMILA VALENTINA', '', '04246414337', 8723.75, '1AB', 60),
(34460472, 10438880, 'LEON LOPEZ JESUS LEONARDO', '', '4121027709', 6498.00, '6GU', 60),
(34463437, 12444140, 'LOPES CONTRERAS CAMILA VICTORIA\n', '', '0', 2166.00, '2AA', 60),
(34465923, 14007214, 'RODRIGUEZ BURGOS VALERIA CAROLINA', '', '04246410198', 4386.00, '1AA', 4386),
(34482509, 10444011, 'CASTELLANO VILLALOBOS ERNESTO JOSE', '', '04246155042', 2194.20, '3AA', 0),
(34507392, 24253529, 'GARCIA ESPINA RAYCEL ALEJANDRO', '', '04146165284', 2196.20, '6GU', 0),
(34574488, 21228833, 'MARIN COVARRUBIO SANTIAGO DAVID', '', '04146207039', 2190.00, '1AA', 0),
(34605145, 23454643, 'AÑEZ HELD MARIA GABRIELA\n', '', '4127515810', 2186.40, '2AA', 60),
(34610126, 22481353, 'YACARINI MOSQUERA ORIANA VALENTINA', '', '0414', 2193.00, '2AA', 0),
(34612124, 19176227, 'RIANO MORA SANTIAGO ANDRES', '', '4146316733', 2190.00, '2AA', 60),
(34613603, 13580730, 'GARCIA PADRON SANTIAGO JOSE', '', '04149697642', 8762.40, '3AB', 0),
(34701241, 19574623, 'BRICEÑO HERNANDEZ EDGAR MANUEL', '', '04120726627', 2193.00, '1AA', 0),
(34701848, 16608929, 'SANCHEZ AUGUSTO JEIZELL EDYMAR', '', '0414', 6568.00, '4AA', 60),
(34701920, 15987661, 'UZCATEGUI PORTILLO KATERIN SOFIA', '', '04146904754', 4346.80, '1AB', 60),
(34766727, 14736629, 'PEREZ MEJIA DIEGO ALEJANDRO', '', '0414', 0.00, '1AA', 60),
(34830314, 5791632, 'ROMERO ESCALONA', '', '04146338910', 2194.20, '1AB', 0),
(34848951, 17634357, 'LOBO VILCHEZ STHEFANIA VALENTINA', '', '04127855320', 0.00, '1AA', 0),
(34991828, 12868997, 'ROSALES GONZALEZ MARIA JOSE', '', '0414', 2193.00, '2AA', 0),
(35038913, 14305523, 'Diego Rafael Morales Falcon', '', '04146049207', 0.00, '1AA', 60),
(35094676, 15747001, 'MACHADO ROMERO ISABELLA SOFIA', '', '04146119901', 2194.20, '2AB', 0),
(35095431, 10427049, 'PAZ FARIA DIEGO ALEJANDRO', '', '04146215695', 2193.55, '1AB', 0),
(36023224, 14005764, 'ESCALONA MEDRANO MARIA GABRIELA', '', '04246072547', 2191.20, '6GU', 0),
(150096851, 15009685, 'GONZALEZ GIRALDO LUISIANA SUSEJ', '', '0', 2196.60, '1AA', 60),
(154016441, 15401644, 'LUZARDO OCANDO ANDREINA CHIQUINQUIRA', '', '0414', 2190.60, '1GU', 0),
(163542652, 16354265, 'HERNANDEZ FULLER ELIZABETH SOFIA', '', '4246056735', 0.00, '3AA', 60),
(166215591, 16621559, 'GONZALEZ SUAREZ AMELIA ROSALIA', '', '0', 0.00, 'S3', 60),
(174137091, 17413709, 'PARRA CHACON EVA SOFIA', '', '04246365307', 0.00, '5GU', 60),
(174137092, 17413709, 'PARRA CHACON ANGEL ANTONI', '', '04146365307', 0.00, 'S4', 60),
(189208061, 18920806, 'BLANCO ARAMBULO EMMA SOFIA', '', '0', 0.00, 'S3', 60),
(190755291, 19075529, 'CHAVEZ GALBAN ROMAN ANDRES', '', '0', 0.00, 'S5', 60),
(190755292, 19075529, 'CHAVEZ GALBAN RODRIGO ALEJANDRO', '', '04246726931', 0.00, '2GU', 0),
(202038961, 20203896, 'PARRA VELAZQUEZ  BRITHANY VICTORIA', '', '0', 0.00, 'S5', 60),
(210782661, 21078266, 'RAMIREZ PARRA MIRANDA VALENTINA', '', '0', 0.00, 'S4', 60),
(246175541, 24617554, 'CAÑIZALEZ MEDINA MARIA DANIELA\n', '', '0', 0.00, 'S5', 60),
(1111698962, 16989262, 'CHIRINOS MEDINA NICOLE VALERIA', '', '04241280372', 6531.90, '5GU', 60),
(1126986919, 16986919, 'VANEGAS FARIA MARY PAULA', '', '04146680040', 2190.60, '6GU', 0),
(1171486868, 14896868, 'GIL ROUVIER JUAN JOSE', '', '04247182530', 0.00, '1GU', 0),
(1223858630, 12380856, 'VILLASMIL YUNIS ZAHIR YUCEF', '', '0424', 4389.60, '6GU', 60),
(10914525930, 14525930, 'GONZALEZ GONALEZ CARLIANY PAOLA', '', '04121279795', 2191.20, '2AB', 0),
(11113649194, 13649194, 'TORRES RIVAS DANIEL ALEJANDRO', '', '0', 2200.00, '1AA', 60),
(11114415792, 14415792, 'SANCHEZ HERNANDEZ DANIEL ALEJANDRO', '', '04146876321', 2195.40, '1AB', 60),
(11116989262, 16989262, 'CHIRINOS MEDINA ENDYBETH VALERIA', '', '04241280372', 6531.90, '1AB', 60),
(11122462675, 12693177, 'ACOSTA ESTRADA MOISES DAVIID', '', '0414', 4394.40, '6GU', 0),
(11211559861, 10405622, 'HUERTA VIRLA ORIANA CHIQUINQUIRA', '', '04241106506', 2197.80, '6GU', 0),
(11211607906, 11607906, 'PALMAR GONZALEZ SAMANTHA LALIESCA', '', '4146627996', 2194.80, '6GU', 60),
(11214135789, 14135789, 'RAMOS MOLINA CRISTINA ALEJANDRA', '', '04246098769', 2190.60, '6GU', 0),
(11215561813, 15561813, 'FUMINAYA ZAMBRANO LUCIANNA VICTORIA', '', '4146522481', 17568.00, '5GU', 60),
(11312803306, 12803306, 'GUTIERREZ PEÑA DIANA PATRICIA', '', '04246669693', 0.00, '5GU', 0),
(11313996326, 13996326, 'RONDON CARDOZO KANDACE VALENTINA', '', '04146307964', 8723.75, '5GU', 60),
(11316621559, 16621559, 'GONZALEZ SUAREZ JAIKELI ROSALIA', '', '04246294242', 0.00, '5GU', 0),
(11316660182, 16660182, 'GARCIA GARCIA ISAAC DAVID', '', '04146120041', 13194.40, '5GU', 0),
(11317413709, 17413709, 'PARRA CHACON EVA SOFIA', '', '04146365307', 0.00, '5GU', 0),
(11319211351, 19211351, 'RUIZ IBARRA MIGUEL ARMANDO', '', '04123170442', 2190.60, '5GU', 0),
(11412394564, 12394564, 'SANGRONIS CARRERO ANA VIRGINIA', '', '4146261470', 1656.07, '4GU', 60),
(11412803372, 12803372, 'PARADA ESTEVEZ ARIAKNY CAROLINA', '', '04149679505', 0.00, '4GU', 0),
(11412861689, 7885056, 'TROCONIS CARMONA, MARCELA ALEJANDRA', '', '4149628443', 0.00, '4GU', 60),
(11413181123, 15391931, 'BLANCO ARROYO MOISES DAVID', '', '0412', 0.00, '4GU', 60),
(11413244127, 13244127, 'ANTUNEZ RODRIGUEZ HEBERANT AALESSANDRA', '', '04146712134', 2193.00, '4GU', 0),
(11414005764, 14005764, 'ESCALONA MEDRANO MARIA ALEJANDRA', '', '04140681332', 2191.20, '4GU', 0),
(11414651173, 16295519, 'MOLLEDA MEDINA KAMILA VALENTINA', '', '4127686191', 4440.00, '4GU', 60),
(11414896868, 14896868, 'GIL ROUVIER VALERIA VALENTINA', '', '04246446973', 0.00, '4GU', 0),
(11415097562, 15097562, 'CIANNETTI TINAURE FRANCESCA ALESSANDRA', '', '4246768599\n', 2193.60, '4GU', 60),
(11415286414, 15286414, 'RAMIREZ ARANDA VICTORIA CHIQUINQUIRA', '', '04146745992', 0.00, '5GU', 4385),
(11416730320, 16730320, 'MILLAN MATA VALENTINA ANDREA', '', '04127644063', 4392.00, '4GU', 0),
(11416919449, 16919449, 'PIERELA FERNANDEZ GERLYMAR PAOLA', '', '04246649276', 0.00, '4GU', 0),
(11417096946, 17096946, 'REY ACEVEDO ARTURO ANDRES', '', '4246556624', 2195.00, '4GU', 60),
(11417806944, 17806944, 'VILLALOBOS BONIVENTO DANIEL ALEJANDRO', '', '04120691476', 4388.40, '4GU', 0),
(11420944095, 20944095, 'ECHAVEZ ORDOÑEZ, SCARLETH VALENTINA\n', '', '4146169063', 0.00, '4GU', 60),
(11421354676, 21354676, 'GARCIA SANTOS DEYRIANNIS DE LOS ANGELES', '', '04246098664', 2197.50, '4GU', 0),
(11512548835, 18119899, 'CARVAJAL OBANDO EUKARIS SOFIA', '', '04146301123', 2190.00, '3GU', 0),
(11515287143, 15287143, 'SOTO NARANJO ANDRES DAVID', '', '4246239478', 2195.40, '3GU', 60),
(11515409292, 15409292, 'RODRIGUEZ FERNANDEZ JUAN DIEGO', '', '4248509938', 4388.40, '3GU', 60),
(11515524231, 14201194, 'QUINTERO GARCIA  THIAGO SAMUEL', '', '4127696562\n', 2193.60, '3GU', 60),
(11515750793, 15750793, 'ARRIETA MORILLO LUCIANO', '', '04146490251', 0.00, '2GU', 0),
(11515987661, 15987661, 'UZCATEGUI PORTILLO JEAN CARLOS ', '', '04146904754', 4346.80, '3GU', 60),
(11516730320, 16730320, 'MILLAN MATA CAMILA ANDREA', '', '04127644063', 4387.80, '5GU', 0),
(11517635683, 16354265, 'HERNANDEZ FULLLER DANIEL ABRAHAM', '', '04146097465', 0.00, '3GU', 60),
(11517834275, 17834275, 'HENAO VELAZQUEZ GABRIEL SANTIAGO', '', '04127752105', 0.00, '2GU', 0),
(11518119899, 18119899, 'JULIO MENDEZ ASHELEY NICOEE', '', '04143678590', 0.00, '3GU', 0),
(11518341459, 18341459, 'MOLINA AVILARANCISCO JAVIER', '', '04146621274', 0.00, '3GU', 0),
(11519645136, 19645136, 'AÑEZ JORDAN ABRAHAM DAVID', '', '04146092134', 4388.40, '3GU', 0),
(11520070478, 20070478, 'DIAZ ROCHA MIA ISABELLA', '', '4125466253', 2193.60, '3GU', 60),
(11520204696, 20204696, 'RAMIREZ ARRIETA KAMILA VICTORIA', '', '04246592355', 2194.20, '3GU', 0),
(11520688511, 20688511, 'PARRA PARRA AMANDA ISABEL', '', '0424592112', 0.00, '2GU', 0),
(11520944095, 20944095, 'ECHAVEZ ORDOÑEZ THIAGO MARCELO\n', '', '4146169063', 0.00, '3GU', 60),
(11521487663, 21487663, 'GONZALEZ MOLINA SAMUEL JEREMIAS', '', '04149766952', 0.00, '3GU', 0),
(11525724779, 25724779, 'MENCIAS IGUARAN EIMY CAMILA', '', '04146375705', 2194.20, '3GU', 0),
(11611389452, 11389452, 'VELAZQUEZ CONTRERAS MOISES DAVID', '', '04166604769', 2197.20, '2GU', 0),
(11612305476, 12305476, 'SANCHEZ CONTRERAS GABRIELA SOFIA ', '', '04246045148', 4392.00, '2GU', 0),
(11612595624, 12595624, 'RONDON ABREU ANDRES DAVID', '', '0414', 2012.45, '2GU', 60),
(11614136752, 11863330, 'GONZALEZ ESCALONA JOSE MIGUEL', '', '04246557482', 0.00, '2GU', 0),
(11614697186, 13002180, 'RAMOS MORENO SELMA ISABEL', '', '04246344533', 0.00, '2GU', 0),
(11614896122, 14896122, 'BRACHO MAVARES DANIEL ANDRES', '', '04146056334', 0.00, '2GU', 0),
(11615061933, 15061933, 'ARAUJO GONZALEZ HERMAN DE JESUS', '', '04246590888', 0.00, '2GU', 0),
(11615435057, 15435057, 'RAMIREZ PINEDA CESAR ANDRES', '', '04146162910', 0.00, '2GU', 0),
(11615561813, 15561813, 'FUMINAYA ZAMBRANO ROBERTO ELIAS', '', '4146522481', 17568.00, '1GU', 60),
(11615917390, 15917390, 'SOTO CURIEL IVANA LUCIA', '', '04246897677', 0.00, '3GU', 0),
(11616066717, 16066171, 'MORONTA SALAS NICOLE VALENTINA\n', '', '4147209698', 2195.00, '2GU', 60),
(11616354126, 16354126, 'QUINTERO AVILA ABRAHAM ANTONIO', '', '04246649276', 0.00, '2GU', 0),
(11616559397, 9196040, 'ROMERO ROMERO MARIA JOAQUINA', '', '04120600756', 2170.80, '3GU', 60),
(11616621559, 16621559, 'GONZALEZ SUAREZ ALIMEL ROSALIA', '', '04246294242', 0.00, '2GU', 0),
(11616919449, 16919449, 'PIERELA FERNANDEZ GERLYBETH GABRIELA', '', '04246649276', 0.00, '2GU', 0),
(11616968538, 16107313, 'CHACIN HERNANDEZ MIA VICTORIA', '', '04123563292', 0.00, '1GU', 60),
(11618832330, 18319587, 'MORAN TORRES MIRANDA ELIZABETH\n', '', '0', 2196.00, '2GU', 60),
(11618876447, 18876447, 'BERMUDEZ FERRER SANTIAGO ANDRES', '', '4143616831', 3000.00, '1GU', 60),
(11623444746, 9738856, 'CARRUYO GONZALEZ ADRIAN MAXIMILIANO', '', '0414', 2192.40, '2GU', 0),
(11623643130, 23643130, 'FRANCO MENDOZA DAYLEEN VALESKA', '', '4246790349', 2195.40, '2GU', 60),
(11624375882, 24375882, 'FERNANDEZ RIOS SAMANTHA VALENTINA', '', '04161767665', 2196.60, '2GU', 60),
(11715727292, 15727292, 'DELGADO PEREIRA JOSE ALBERTO', '', '4246672023', 4389.60, '1GU', 60),
(11715764673, 15764673, 'HERNANDEZ CALLEJA MATHIAS ENRIQUE', '', '04127711308', 0.00, '1GU', 0),
(11715766633, 15766633, 'BAUSTTY HARRIS AMANDA ISABEL', '', '04120705201', 2191.20, 'S5', 0),
(11715917390, 15917390, 'SOTO CURIEL MIRANDA LUCIA', '', '04246897677', 0.00, '1GU', 0),
(11717096946, 17096946, 'REY ACEVEDO ABRIL AMANDA', '', '4246556624', 2195.00, '1GU', 60),
(11717460352, 17182905, 'RAMIREZ ZAMBRANO SANTIAGO JESUS', '', '04125747405', 0.00, '1GU', 0),
(11718203531, 18203531, 'BERMUDEZ SALAZAR NERIELYS CAROLINA', '', '4127857822', 1000.00, '1GU', 60),
(11718285451, 18285451, 'SANCHEZ AVENDAÑO AMANDA ISABELLA\n', '', '4146636639', 2194.80, '1GU', 60),
(11718427644, 18427644, 'CARRILLO PARRA JOSE DAVID', '', '04248056198', 0.00, '1GU', 0),
(11718626945, 18626945, 'MAVAREZ MATOS AMANDA ISABEL', '', '0414', 0.00, '1GU', 0),
(11719704694, 19704694, 'CONTRERAS GONZALEZ HECTOR ALEJANDRO', '', '04129682843', 4383.60, '1GU', 0),
(11723460963, 23460963, 'NUÑEZ FARIA ADRIAN MIGUEL ', '', '04246280329', 0.00, '1GU', 0),
(11724410483, 24410483, 'VALE BASTIDAS ANGEL DAVID', '', '04246852523', 0.00, '1GU', 0),
(11724582703, 24582703, 'GUERRA ACOSTA CRYSTOPHER MATHEWS', '', '04121738381', 0.00, '1GU', 0),
(11725020456, 25020456, 'DIAZ MELEAN JEREMIAS EDUARDO', '', '0414', 0.00, '1GU', 0),
(11813242497, 13242497, 'CHACIN GARCIA ANABELLA SOFIA', '', '4246438821', 5389.60, 'S4', 60),
(11815409064, 15409064, 'MANZANILLA DOMINGUEZ REILER JOSE', '', '4146773414', 2196.60, 'S5', 60),
(11815409292, 15409292, 'RODRIGUEZ FERNANDEZ CARLOTA NICOLE', '', '4248509938', 4387.20, 'S5', 60),
(11815523702, 15523702, 'JORDAN BRAVO VICTORIA', '', '04149695665', 0.00, 'S5', 0),
(11815766633, 15766633, 'BAUSTTY HARRIS ANGELICA DANIELA', '', '04120705201', 2191.20, '5GU', 0),
(11815987764, 15987764, 'MONTAÑO GONZALEZ HENDRY SAEL', '', '04126923320', 0.00, 'S5', 0),
(11816151441, 16151441, 'NAMMOUR VALENCIA WASSIN', '', '04146063151', 0.00, 'S5', 0),
(11817327349, 17327349, 'ESCALONA CHOURIO JONAS ALBERTO', '', '04246804134', 2194.20, 'S5', 60),
(11817834275, 17834275, 'HENAO VELAZQUEZ LUNA VICTORIA', '', '04129699982', 0.00, 'S5', 0),
(11819075963, 19075963, 'MISAT GUERRA LUCAS', '', '0414', 2194.80, 'S5', 0),
(11821487663, 21487663, 'GONZALEZ MOLINA VICTORIA ISABEL', '', '04149766952', 0.00, 'S5', 0),
(11917413709, 17413709, 'PARRA CHACON ANGEL ANTONIO', '', '04146365307', 0.00, 'S4', 0),
(11918285451, 18285451, 'SANCHEZ AVENDAÑO MIRANDA PAULETTE\n', '', '4146636639', 2194.80, 'S4', 60),
(11918722115, 18722115, 'ZAMBRANO BLANCO VALERI SOFIA', '', '0', 2196.00, 'S4', 60),
(11919568583, 19568583, 'PEREZ VILLALOBOS THIAGO IGNACIO', '', '0', 1000.00, 'S4', 60),
(11919988532, 19988532, 'MAVAREZ RIOS ENMANUEL', '', '0', 3195.00, 'S4', 60),
(11920204697, 20204697, 'ISAMBERT ATENCIO RICARDO ANDRES', '', '0414', 0.00, 'S4', 0),
(11923455543, 23455543, 'BRICEÑO BECERRA DARRIN EDUARDO\n', '', '04146646286', 1000.00, 'S4', 60),
(11923863700, 16427492, 'GARCIA CARRERA CARLOTA CHIQUINQUIRA', '', '0', 1000.00, 'S4', 60),
(11926555400, 26554000, 'MENDOZA ALVAREZ THIAGO IGNASIO', '', '04126650773', 0.00, 'S5', 0),
(11930599610, 30599610, 'CASADIEGO RAMIREZ MAXIMO', '', '04126753316', 0.00, 'S5', 60),
(12021108016, 21108016, 'VARELA PIRELA ROMAN GAEL', '', '04126755694', 0.00, 'S3', 0),
(12025296214, 25296214, 'BRACHO GUERRA JEREMIAS  DAVID', '', '04126939787', 0.00, 'S4', 0),
(12118920806, 18920806, 'BLANCO ARAMBULO EMMA SOFIA', '', '04146960093', 0.00, 'S3', 0),
(12120762649, 20762649, 'VILORIA BALLESTERO LUIS DAVID', '', '07241452880', 0.00, 'S3', 0),
(22316621559, 16621559, 'GONZALEZ SUAREZ AMELIA ROSALIA', '', '04246294242', 0.00, 'S3', 0),
(31219988532, 19988532, 'MAVAREZ RIOS ESTEBAN ANDRES', '', '04146419365', 2191.00, '6GU', 0),
(112179183335, 17918335, 'TORRES MONCADA ISABELLA VALENTINA', '', '041265100074', 0.00, '6GU', 60),
(113158155559, 11389452, 'VELAZQUEZ CONTRERAS ANDRES ALEJANDRO', '', '04166604769', 2197.20, '5GU', 0),
(113919394405, 19394405, 'RINCON SANTOS DEMERY JEAN', '', '04246307964', 6512.55, '5GU', 60),
(114173273499, 14895894, 'ESCALONA CHOURIO JOSE DIONISIO', '', '041466515214', 21994.20, '4GU', 0),
(115519306465, 19306465, 'PACHEO LOPEZ ANDRES ALEJANDRO', '', '04121741139', 2194.20, '2GU', 0),
(116119440830, 19440830, 'ORTIGOZA RODRIGUEZ AMANDA PAOLA', '', '04147600388', 0.00, '2GU', 0),
(116167804429, 16780429, 'GUTIERREZ CORDERO SANTIAGO DE JESUS', '', '04246524216', 2195.00, '2GU', 0),
(118117327349, 14895894, 'ESCALONA CHOURIO JONAS ALBERTO', '', '04246804134', 0.00, 'S5', 0),
(118160090045, 16090045, 'MORALEZ GOMEZ MAXIMILIANO JOSUE', '', '04143516138', 0.00, 'S5', 0);

-- --------------------------------------------------------

--
-- Estructura de tabla para la tabla `empresas`
--

CREATE TABLE `empresas` (
  `id_representante` bigint(20) NOT NULL,
  `razon_social` varchar(30) NOT NULL,
  `RIF` varchar(20) NOT NULL,
  `direccion` varchar(25) NOT NULL,
  `telefono` varchar(55) NOT NULL
) ENGINE=InnoDB DEFAULT CHARSET=utf8mb4 COLLATE=utf8mb4_general_ci;

-- --------------------------------------------------------

--
-- Estructura de tabla para la tabla `facturas`
--

CREATE TABLE `facturas` (
  `id` int(11) NOT NULL,
  `cliente_id` int(11) NOT NULL,
  `monto` decimal(10,2) NOT NULL,
  `fecha` datetime NOT NULL,
  `pagado` tinyint(1) NOT NULL DEFAULT 0,
  `fecha_pago` datetime DEFAULT NULL
) ENGINE=InnoDB DEFAULT CHARSET=utf8mb4 COLLATE=utf8mb4_general_ci;

-- --------------------------------------------------------

--
-- Estructura de tabla para la tabla `mensualidades`
--

CREATE TABLE `mensualidades` (
  `numero_factura` bigint(60) NOT NULL,
  `mes` varchar(20) NOT NULL,
  `cedula_alumno` bigint(20) NOT NULL,
  `cedula_representante` bigint(20) NOT NULL,
  `cantidad` float(55,2) NOT NULL,
  `seccion` varchar(8) NOT NULL
) ENGINE=InnoDB DEFAULT CHARSET=utf8mb4 COLLATE=utf8mb4_general_ci;

--
-- Volcado de datos para la tabla `mensualidades`
--

INSERT INTO `mensualidades` (`numero_factura`, `mes`, `cedula_alumno`, `cedula_representante`, `cantidad`, `seccion`) VALUES
(43945, 'Marzo', 34313253, 15561813, 2196.00, '1AA'),
(43945, 'Marzo', 11215561813, 15561813, 2196.00, '5GU'),
(43945, 'Marzo', 11615561813, 15561813, 2196.00, '1GU'),
(43946, 'Marzo', 11414651173, 16295519, 2220.00, '4GU'),
(43946, 'Marzo', 33323658, 16295519, 2220.00, '3AB'),
(43947, 'Mayo', 11313996326, 13996326, 2182.75, '5GU'),
(43947, 'Mayo', 34460305, 13996326, 2182.75, '1AB'),
(43948, 'Abril', 11815409064, 15409064, 2196.60, 'S5'),
(43949, 'Enero', 32082373, 15286004, 1943.52, '5AB'),
(43950, 'Febrero', 11918722115, 18722115, 2196.00, 'S4'),
(43951, 'Mayo', 11618832330, 18319587, 2196.00, '2GU'),
(43952, 'Febrero', 33221387, 16748050, 2220.00, '4AB'),
(43953, 'Abril', 32838604, 12801593, 2196.00, '5AA'),
(43954, 'Abril', 32388023, 17089974, 2197.20, '4AB'),
(43954, 'Mayo', 32388023, 17089974, 2197.20, '4AB'),
(43954, 'Mayo', 33706668, 17089974, 2197.20, '2AA'),
(43955, 'Marzo', 11612305476, 12305476, 2196.00, '2GU'),
(43955, 'Abril', 11612305476, 12305476, 2196.00, '2GU'),
(43956, 'Mayo', 116167804429, 16780429, 2195.00, '2GU'),
(43957, 'Abril', 32219730, 16781455, 2190.00, '5AB'),
(43958, 'Marzo', 33739462, 14824972, 2193.00, '4AA'),
(43959, 'Junio', 32794058, 13930701, 1317.96, '4AA'),
(43960, 'Mayo', 34083637, 14737023, 2197.20, '1AA'),
(43961, 'Mayo', 34241225, 12212692, 2197.20, '3AB'),
(43962, 'Febrero', 11316660182, 16660182, 2197.20, '5GU'),
(43962, 'Marzo', 11316660182, 16660182, 2200.00, '5GU'),
(43962, 'Abril', 11316660182, 16660182, 2200.00, '5GU'),
(43963, 'Febrero', 11316660182, 16660182, 2197.20, '5GU'),
(43963, 'Marzo', 11316660182, 16660182, 2200.00, '5GU'),
(43963, 'Abril', 11316660182, 16660182, 2200.00, '5GU'),
(43964, 'Mayo', 11421354676, 21354676, 2197.50, '4GU'),
(43964, 'Mayo', 32509548, 21354676, 2197.50, '5AB'),
(43965, 'Marzo', 11211559861, 10405622, 2197.80, '6GU'),
(43966, 'Abril', 11122462675, 12693177, 2197.20, '6GU'),
(43966, 'Mayo', 11122462675, 12693177, 2197.20, '6GU'),
(43967, 'Abril', 11611389452, 11389452, 2197.20, '2GU'),
(43967, 'Abril', 113158155559, 11389452, 2197.20, '5GU'),
(43968, 'Marzo', 32967482, 17294786, 2197.20, '4AA'),
(43968, 'Abril', 32967482, 17294786, 2197.20, '4AA'),
(43969, 'Mayo', 11817327349, 14895894, 2194.20, 'S5'),
(43969, 'Mayo', 114173273499, 14895894, 21994.20, '4GU'),
(43970, 'Febrero', 32698728, 13370057, 2194.20, '4AA'),
(43970, 'Marzo', 32698728, 13370057, 2194.20, '4AA'),
(43971, 'Mayo', 34482509, 10444011, 2194.20, '3AA'),
(43972, 'Mayo', 33452769, 13023110, 2194.20, '2AB'),
(43973, 'Marzo', 34085432, 16836433, 2194.20, '2AB'),
(43974, 'Febrero', 32303100, 13830397, 2194.20, '5AA'),
(43974, 'Marzo', 32303100, 13830397, 2194.20, '5AA'),
(43975, 'Mayo', 11819075963, 19075963, 2194.80, 'S5'),
(43976, 'Abril', 31750414, 12308903, 2194.20, '5AA'),
(43977, 'Mayo', 33673261, 14700981, 2194.20, '2AB'),
(43978, 'Febrero', 32597578, 12804633, 2194.20, '5AB'),
(43978, 'Marzo', 32597578, 12804633, 2194.20, '5AB'),
(43979, 'reversado', 1181, 24255496, 0.00, 'S5'),
(43979, 'reversado', 1182, 24255496, 0.00, '1GU'),
(43979, 'reversado', 1183, 24255496, 0.00, '3GU'),
(43980, 'reversado', 1181, 24255496, 0.00, 'S5'),
(43980, 'reversado', 1182, 24255496, 0.00, '1GU'),
(43980, 'reversado', 1183, 24255496, 0.00, '3GU'),
(43981, 'Febrero', 1181, 24255496, 2194.20, 'S5'),
(43981, 'Febrero', 1182, 24255496, 2194.20, '1GU'),
(43981, 'Febrero', 1183, 24255496, 2194.20, '3GU'),
(43982, 'Abril', 11525724779, 25724779, 2194.20, '3GU'),
(43983, 'Marzo', 11417806944, 17806944, 2194.20, '4GU'),
(43983, 'Marzo', 33339519, 17806944, 2194.20, '3AA'),
(43983, 'Marzo', 32422900, 17806944, 2194.20, '5AB'),
(43984, 'Marzo', 33339519, 17806944, 2194.20, '3AA'),
(43985, 'Enero', 35094676, 15747001, 2194.20, '2AB'),
(43986, 'Febrero', 34830314, 5791632, 2194.20, '1AB'),
(43987, 'Abril', 11520204696, 20204696, 2194.20, '3GU'),
(43988, 'Febrero', 115519306465, 19306465, 2194.20, '2GU'),
(43989, 'Marzo', 32422900, 17806944, 2194.20, '5AB'),
(43989, 'Marzo', 33339519, 17806944, 2194.20, '3AA'),
(43989, 'Marzo', 11417806944, 17806944, 2194.20, '4GU'),
(43990, 'Febrero', 11719704694, 19704694, 2193.00, '1GU'),
(43990, 'Febrero', 34086522, 19704694, 2193.00, '2AB'),
(43991, 'Mayo', 11413244127, 13244127, 2193.00, '4GU'),
(43992, 'Abril', 34014290, 15260244, 2193.00, '1AA'),
(43992, 'Abril', 33048841, 15260244, 2193.00, '4AB'),
(43994, 'Mayo', 34610126, 22481353, 2193.00, '2AA'),
(43995, 'Abril', 33318477, 9714502, 2193.00, '5AA'),
(43996, 'Abril', 34991828, 12868997, 2193.00, '2AA'),
(43997, 'Mayo', 32468860, 7701601, 2194.20, '4AB'),
(43998, 'Mayo', 34701241, 19574623, 2193.00, '1AA'),
(43999, 'Mayo', 34089504, 13175683, 2194.22, '2AA'),
(44000, 'Abril', 11919988532, 19988532, 2195.00, 'S4'),
(44001, 'Febrero', 11519645136, 19645136, 2194.20, '3GU'),
(44001, 'Marzo', 11519645136, 19645136, 2194.20, '3GU'),
(44001, 'Febrero', 34418937, 19645136, 2194.20, '2AA'),
(44001, 'Marzo', 34418937, 19645136, 2194.20, '2AA'),
(44002, 'Mayo', 32469282, 14026122, 2196.00, '4AB'),
(44003, 'Febrero', 33321360, 14279684, 2192.40, '3AB'),
(44004, 'Abril', 11623444746, 9738856, 2192.40, '2GU'),
(44004, 'Abril', 34085925, 9738856, 2192.40, '1AB'),
(44005, 'Marzo', 33431468, 17462664, 2192.40, '5AA'),
(44005, 'Abril', 33431468, 17462664, 2192.40, '5AA'),
(44005, 'Mayo', 33431468, 17462664, 2192.40, '5AA'),
(44005, 'Junio', 33431468, 17462664, 2192.40, '5AA'),
(44006, 'Mayo', 11114415792, 14415792, 2195.40, '1AB'),
(44007, 'Mayo', 33888927, 17310212, 2192.00, '3AA'),
(44008, 'Febrero', 33724136, 12217544, 2195.00, '2AB'),
(44009, 'Marzo', 10914525930, 14525930, 2191.20, '2AB'),
(44010, 'Mayo', 34507392, 24253529, 2196.20, '6GU'),
(44011, 'Junio', 11414005764, 14005764, 2191.20, '4GU'),
(44011, 'Junio', 36023224, 14005764, 2191.20, '6GU'),
(44012, 'Febrero', 32878210, 10447298, 2191.40, '4AA'),
(44012, 'Marzo', 32878210, 10447298, 2191.40, '4AA'),
(44013, 'Marzo', 34613603, 13580730, 2190.60, '3AB'),
(44013, 'Abril', 34613603, 13580730, 2190.60, '3AB'),
(44013, 'Marzo', 32480503, 13580730, 2190.60, '5AB'),
(44013, 'Abril', 34613603, 13580730, 2190.60, '3AB'),
(44013, 'Mayo', 34613603, 13580730, 2190.60, '3AB'),
(44014, 'Marzo', 11715766633, 15766633, 2191.20, 'S5'),
(44014, 'Marzo', 11815766633, 15766633, 2191.20, '5GU'),
(44015, 'Mayo', 32742591, 14598641, 2194.21, '4AA'),
(44015, 'Mayo', 33893168, 14598641, 2194.21, '5AA'),
(44016, 'Marzo', 34118565, 11863422, 2190.60, '3AB'),
(44016, 'Abril', 34118565, 11863422, 2190.60, '3AB'),
(44017, 'Diciembre', 35095431, 10427049, 2193.55, '1AB'),
(44017, 'Diciembre', 33221140, 10427049, 2193.55, '4AB'),
(44018, 'Enero', 18, 18662865, 1000.00, '2GU'),
(44018, 'Enero', 19, 18662865, 2000.00, '1AA'),
(44019, 'Enero', 18, 18662865, 1000.00, '2GU'),
(44019, 'Enero', 19, 18662865, 2000.00, '1AA'),
(44020, 'Febrero', 18, 18662865, 1000.00, '2GU'),
(44020, 'Marzo', 19, 18662865, 2000.00, '1AA'),
(44020, 'Marzo', 18, 18662865, 3000.00, '2GU'),
(44021, 'Marzo', 1126986919, 16986919, 2190.60, '6GU'),
(44022, 'Marzo', 33555775, 14918317, 2190.60, '4AB'),
(44022, 'Abril', 33555775, 14918317, 2190.60, '4AB'),
(44023, 'inscripcion', 34848951, 17634357, 4381.20, '1AA'),
(44024, 'reversado', 34848951, 17634357, 0.00, '1AA'),
(44025, 'Mayo', 11512548835, 18119899, 2190.00, '3GU'),
(44026, 'Marzo', 34086930, 13242580, 2191.00, '3AB'),
(44027, 'Mayo', 18, 18662865, 5000.00, '2GU'),
(44028, 'Junio', 33318087, 16355438, 2193.00, '2AA'),
(44029, 'Mayo', 31219988532, 19988532, 2191.00, '6GU'),
(44030, 'Mayo', 34574488, 21228833, 2190.00, '1AA'),
(44031, 'Abril', 11214135789, 14135789, 2190.60, '6GU'),
(44031, 'Abril', 33889577, 14135789, 2190.60, '2AB'),
(44032, 'Enero', 34082439, 15320077, 2190.60, '3AB'),
(44033, 'Junio', 34420973, 11866942, 2190.60, '1AA'),
(44034, 'Marzo', 11719704694, 19704694, 2190.60, '1GU'),
(44035, 'Marzo', 34421112, 7774032, 2190.60, '3AA'),
(44035, 'Abril', 34421112, 7774032, 2190.60, '3AA'),
(44035, 'Mayo', 34421112, 7774032, 2190.60, '3AA'),
(44036, 'Marzo', 11416730320, 16730320, 2196.00, '4GU'),
(44036, 'Abril', 11416730320, 16730320, 2196.00, '4GU'),
(44036, 'Marzo', 11516730320, 16730320, 2193.90, '5GU'),
(44036, 'Abril', 11516730320, 16730320, 2193.90, '5GU'),
(44037, 'Abril', 33342736, 16016236, 2190.60, '3AB'),
(44038, 'Marzo', 34086522, 19704694, 2190.60, '2AB'),
(44039, 'Junio', 32303415, 12760569, 2190.60, '5AA'),
(44040, 'Marzo', 33739462, 14824972, 2200.00, '4AA'),
(44041, 'Mayo', 11319211351, 19211351, 2190.60, '5GU'),
(44041, 'Mayo', 33314567, 19211351, 2190.60, '5AA'),
(44042, 'Junio', 154016441, 15401644, 2190.60, '1GU'),
(44043, 'Junio', 33288418, 15401644, 2190.60, '3AA');

-- --------------------------------------------------------

--
-- Estructura de tabla para la tabla `registro_pagos`
--

CREATE TABLE `registro_pagos` (
  `id` int(20) NOT NULL,
  `fecha` date DEFAULT NULL,
  `hora` time DEFAULT NULL,
  `cedula_estudiante` bigint(20) DEFAULT NULL,
  `cedula_representante` bigint(20) DEFAULT NULL,
  `pago` float DEFAULT NULL,
  `tipo` varchar(25) NOT NULL
) ENGINE=InnoDB DEFAULT CHARSET=utf8mb4 COLLATE=utf8mb4_general_ci;

--
-- Volcado de datos para la tabla `registro_pagos`
--

INSERT INTO `registro_pagos` (`id`, `fecha`, `hora`, `cedula_estudiante`, `cedula_representante`, `pago`, `tipo`) VALUES
(43944, NULL, NULL, NULL, NULL, NULL, ''),
(43945, '2024-05-17', '12:48:00', 34313253, 15561813, 6588, 'Mensualidad'),
(43946, '2024-05-17', '12:49:00', 11414651173, 16295519, 4440, 'Mensualidad'),
(43947, '2024-05-17', '12:51:00', 11313996326, 13996326, 4365.5, 'Mensualidad'),
(43948, '2024-05-17', '12:53:00', 11815409064, 15409064, 2196.6, 'Mensualidad'),
(43949, '2024-05-17', '12:57:00', 32082373, 15286004, 1943.52, 'Mensualidad'),
(43950, '2024-05-17', '12:58:00', 11918722115, 18722115, 2196, 'Mensualidad'),
(43951, '2024-05-17', '13:00:00', 11618832330, 18319587, 2196, 'Mensualidad'),
(43952, '2024-05-17', '13:03:00', 33221387, 16748050, 2220, 'Mensualidad'),
(43953, '2024-05-17', '13:09:00', 32838604, 12801593, 2196, 'Mensualidad'),
(43954, '2024-05-20', '08:20:00', 32388023, 17089974, 6591.6, 'Mensualidad'),
(43955, '2024-05-20', '09:05:00', 11612305476, 12305476, 4392, 'Mensualidad'),
(43956, '2024-05-20', '12:00:00', 116167804429, 16780429, 2195, 'Mensualidad'),
(43957, '2024-05-20', '12:05:00', 32219730, 16781455, 2190, 'Mensualidad'),
(43958, '2024-05-20', '12:06:00', 33739462, 14824972, 2193, 'Mensualidad'),
(43959, '2024-05-21', '07:00:00', 32794058, 13930701, 1317.96, 'Mensualidad'),
(43960, '2024-05-21', '07:30:00', 34083637, 14737023, 2197.2, 'Mensualidad'),
(43961, '2024-05-21', '07:36:00', 34241225, 12212692, 2197.2, 'Mensualidad'),
(43962, '2024-05-21', '07:42:00', 11316660182, 16660182, 6597.2, 'Mensualidad'),
(43963, '2024-05-21', '07:47:00', 11316660182, 16660182, 6597.2, 'Mensualidad'),
(43964, '2024-05-21', '07:56:00', 11421354676, 21354676, 4395, 'Mensualidad'),
(43965, '2024-05-21', '08:01:00', 11211559861, 10405622, 2197.8, 'Mensualidad'),
(43966, '2024-05-21', '08:04:00', 11122462675, 12693177, 4394.4, 'Mensualidad'),
(43967, '2024-05-21', '08:21:00', 11611389452, 11389452, 4394.4, 'Mensualidad'),
(43968, '2024-05-21', '08:22:00', 32967482, 17294786, 4394.4, 'Mensualidad'),
(43969, '2024-05-21', '08:29:00', 11817327349, 14895894, 24188.4, 'Mensualidad'),
(43970, '2024-05-21', '08:35:00', 32698728, 13370057, 4388.4, 'Mensualidad'),
(43971, '2024-05-21', '08:37:00', 34482509, 10444011, 2194.2, 'Mensualidad'),
(43972, '2024-05-21', '08:42:00', 33452769, 13023110, 2194.2, 'Mensualidad'),
(43973, '2024-05-21', '08:46:00', 34085432, 16836433, 2194.2, 'Mensualidad'),
(43974, '2024-05-21', '09:01:00', 32303100, 13830397, 4388.4, 'Mensualidad'),
(43975, '2024-05-21', '09:05:00', 11819075963, 19075963, 2194.8, 'Mensualidad'),
(43976, '2024-05-21', '09:10:00', 31750414, 12308903, 2194.2, 'Mensualidad'),
(43977, '2024-05-21', '09:16:00', 33673261, 14700981, 2194.2, 'Mensualidad'),
(43978, '2024-05-21', '09:20:00', 32597578, 12804633, 4388.4, 'Mensualidad'),
(43979, '2024-05-21', '09:29:00', 1181, 24255496, 0, 'reversado'),
(43980, '2024-05-21', '09:48:00', 1181, 24255496, 0, 'reversado'),
(43981, '2024-05-21', '09:55:00', 1181, 24255496, 6582.6, 'Mensualidad'),
(43982, '2024-05-21', '09:59:00', 11525724779, 25724779, 2194.2, 'Mensualidad'),
(43983, '2024-05-21', '10:15:00', 11417806944, 17806944, 6582.6, 'Mensualidad'),
(43984, '2024-05-21', '10:22:00', 33339519, 17806944, 2194.2, 'Mensualidad'),
(43985, '2024-05-21', '10:35:00', 35094676, 15747001, 2194.2, 'Mensualidad'),
(43986, '2024-05-21', '10:52:00', 34830314, 5791632, 2194.2, 'Mensualidad'),
(43987, '2024-05-21', '10:56:00', 11520204696, 20204696, 2194.2, 'Mensualidad'),
(43988, '2024-05-21', '11:01:00', 115519306465, 19306465, 2194.2, 'Mensualidad'),
(43989, '2024-05-22', '10:07:00', 32422900, 17806944, 6582.6, 'Mensualidad'),
(43990, '2024-05-22', '10:28:00', 11719704694, 19704694, 4386, 'Mensualidad'),
(43991, '2024-05-22', '10:36:00', 11413244127, 13244127, 2193, 'Mensualidad'),
(43992, '2024-05-22', '10:52:00', 34014290, 15260244, 4386, 'Mensualidad'),
(43993, '2024-05-22', '11:08:00', 34465923, 14007214, 4386, 'ABONO DE INCRIPCION 2024-'),
(43994, '2024-05-22', '11:33:00', 34610126, 22481353, 2193, 'Mensualidad'),
(43995, '2024-05-22', '12:00:00', 33318477, 9714502, 2193, 'Mensualidad'),
(43996, '2024-05-22', '12:04:00', 34991828, 12868997, 2193, 'Mensualidad'),
(43997, '2024-05-22', '12:17:00', 32468860, 7701601, 2194.2, 'Mensualidad'),
(43998, '2024-05-22', '12:20:00', 34701241, 19574623, 2193, 'Mensualidad'),
(43999, '2024-05-24', '08:51:00', 34089504, 13175683, 2194.22, 'Mensualidad'),
(44000, '2024-05-24', '09:10:00', 11919988532, 19988532, 2195, 'Mensualidad'),
(44001, '2024-05-24', '09:18:00', 11519645136, 19645136, 8776.8, 'Mensualidad'),
(44002, '2024-05-24', '09:25:00', 32469282, 14026122, 2196, 'Mensualidad'),
(44003, '2024-05-24', '10:13:00', 33321360, 14279684, 2192.4, 'Mensualidad'),
(44004, '2024-05-24', '10:50:00', 11623444746, 9738856, 4384.8, 'Mensualidad'),
(44005, '2024-05-24', '11:03:00', 33431468, 17462664, 8769.6, 'Mensualidad'),
(44006, '2024-05-24', '11:05:00', 11114415792, 14415792, 2195.4, 'Mensualidad'),
(44007, '2024-05-24', '11:08:00', 33888927, 17310212, 2192, 'Mensualidad'),
(44008, '2024-05-24', '11:20:00', 33724136, 12217544, 2195, 'Mensualidad'),
(44009, '2024-05-24', '11:24:00', 10914525930, 14525930, 2191.2, 'Mensualidad'),
(44010, '2024-05-24', '11:33:00', 34507392, 24253529, 2196.2, 'Mensualidad'),
(44011, '2024-05-24', '12:04:00', 11414005764, 14005764, 4382.4, 'Mensualidad'),
(44012, '2024-05-27', '08:34:00', 32878210, 10447298, 4382.8, 'Mensualidad'),
(44013, '2024-05-27', '08:44:00', 34613603, 13580730, 10953, 'Mensualidad'),
(44014, '2024-05-27', '09:03:00', 11715766633, 15766633, 4382.4, 'Mensualidad'),
(44015, '2024-05-27', '09:11:00', 32742591, 14598641, 4388.42, 'Mensualidad'),
(44016, '2024-05-27', '09:39:00', 34118565, 11863422, 4381.2, 'Mensualidad'),
(44017, '2024-05-27', '10:24:00', 35095431, 10427049, 4387.1, 'Mensualidad'),
(44018, '2024-05-27', '10:41:00', 18, 18662865, 3000, 'Mensualidad'),
(44019, '2024-05-27', '11:28:00', 18, 18662865, 3000, 'Mensualidad'),
(44020, '2024-05-27', '11:33:00', 18, 18662865, 6000, 'Mensualidad'),
(44021, '2024-05-27', '12:25:00', 1126986919, 16986919, 2190.6, 'Mensualidad'),
(44022, '2024-05-27', '12:29:00', 33555775, 14918317, 4381.2, 'Mensualidad'),
(44023, '2024-05-27', '12:38:00', 34848951, 17634357, 4381.2, 'inscripcion'),
(44024, '2024-05-27', '12:42:00', 34848951, 17634357, 0, 'reversado'),
(44025, '2024-05-28', '07:29:00', 11512548835, 18119899, 2190, 'Mensualidad'),
(44026, '2024-05-28', '07:34:00', 34086930, 13242580, 2191, 'Mensualidad'),
(44027, '2024-05-28', '08:09:00', 18, 18662865, 5000, 'Mayo'),
(44028, '2024-05-28', '08:26:00', 33318087, 16355438, 2193, 'Mensualidad'),
(44029, '2024-05-28', '08:27:00', 31219988532, 19988532, 2191, 'Mensualidad'),
(44030, '2024-05-28', '08:31:00', 34574488, 21228833, 2190, 'Mensualidad'),
(44031, '2024-05-28', '08:44:00', 11214135789, 14135789, 4381.2, 'Mensualidad'),
(44032, '2024-05-28', '08:52:00', 34082439, 15320077, 2190.6, 'Mensualidad'),
(44033, '2024-05-28', '08:56:00', 34420973, 11866942, 2190.6, 'Mensualidad'),
(44034, '2024-05-28', '08:57:00', 11719704694, 19704694, 2190.6, 'Mensualidad'),
(44035, '2024-05-28', '09:45:00', 34421112, 7774032, 6571.8, 'Mensualidad'),
(44036, '2024-05-28', '11:38:00', 11416730320, 16730320, 8779.8, 'Mensualidad'),
(44037, '2024-05-29', '07:41:00', 33342736, 16016236, 2190.6, 'Mensualidad'),
(44038, '2024-05-29', '07:43:00', 34086522, 19704694, 2190.6, 'Mensualidad'),
(44039, '2024-05-29', '07:47:00', 32303415, 12760569, 2190.6, 'Mensualidad'),
(44040, '2024-05-29', '07:55:00', 33739462, 14824972, 2200, 'Mensualidad'),
(44041, '2024-05-29', '08:14:00', 11319211351, 19211351, 4381.2, 'Mensualidad'),
(44042, '2024-05-29', '08:24:00', 154016441, 15401644, 2190.6, 'Mensualidad'),
(44043, '2024-05-29', '08:24:00', 33288418, 15401644, 2190.6, 'Mensualidad');

-- --------------------------------------------------------

--
-- Estructura de tabla para la tabla `representante`
--

CREATE TABLE `representante` (
  `cedula` bigint(20) NOT NULL,
  `nombre` varchar(255) DEFAULT NULL,
  `direccion` varchar(255) DEFAULT NULL,
  `telefono` varchar(15) DEFAULT NULL,
  `numero_alumnos` int(11) DEFAULT NULL,
  `correo` varchar(60) NOT NULL
) ENGINE=InnoDB DEFAULT CHARSET=utf8mb4 COLLATE=utf8mb4_general_ci;

--
-- Volcado de datos para la tabla `representante`
--

INSERT INTO `representante` (`cedula`, `nombre`, `direccion`, `telefono`, `numero_alumnos`, `correo`) VALUES
(1, 'justin', '1', '1', 1, '1'),
(7, 'CRISTIANO', '7', '7', 7, '7'),
(2024, 'xabi alonso', 'norte', '0412', 2, 'gmail'),
(1281472, 'JENNYS AMAYA', 'calle73 av15k', '4245612926', 1, '0'),
(1284472, 'JENNY AMAYA', 'S/R', '04245612926', 1, 'GMAIL'),
(4128204, 'ANA MEDINA', '0', '4246003012', 1, '0'),
(4794383, 'ESILDA ARCAYA', '0', '4142324490', 1, '0'),
(5066207, 'HURBIS GASCON', 'URB. SANTA FE III, CALLE 69 #69B-97', '4146564423', 1, 'GMAIL'),
(5170375, 'JOSE SUAREZ', '0', '4120603331', 1, '0'),
(5791632, 'ESCALONA DALVANO ELSY COROMOTO', 'URB. LA ROSALEDA CALLE 80A # 80-153', '04146338910', 1, 'GMAIL'),
(5845550, 'FRANKLYN ROMERO', '0', '4146338910', 1, '0'),
(6154641, 'YANETH SUAREZ', '0', '4246019203', 1, '0'),
(6749090, 'RONDON MILAGROS', '0', '4146008857', 1, '0'),
(6804733, 'MARILYN GONZALEZ', '0', '4146400986', 1, '0'),
(7696161, 'GERARDO BENITO PETIT', '0', '4121221943', 1, '0'),
(7701601, 'CERVANTES  EDGAR', 'PRIMERA ETAPALA VICTORIA, AV. 73A CASA # 66-103', '4243684118', 1, 'GMAIL'),
(7720451, 'MARIELA NAVA', '0', '4246223230', 1, '0'),
(7760881, 'RENE MARTINEZ', '0', '4246240447', 1, '0'),
(7766590, 'DAMIELLYS  HERNANDEZ', '0', '4146865372', 1, '0'),
(7773005, 'ANA MENDOZA', '0', '4246738446', 1, '0'),
(7774032, 'JAVIER QUINTERO', '0', '4246187834', 1, '0'),
(7786714, 'TIBISAY SUAREZ', 'B FRANCISCO DE MIRANDA CALLE 8A #63-105', '4146271034', 1, '0'),
(7807985, 'BARRERA EDIXON ', '0', '4146112077', 1, '0'),
(7885056, 'YOHANA CARMONA', 'URB VALLE CLARO CALLE 82A # 69A-140', '4149628443', 1, '0'),
(7890296, 'GARCIA NELSON', 'URB SAN MIGUEL CALLE 97A#62B-66', '4146030001', 1, '0'),
(7973470, 'MANUEL MONTILLA', 'URB SANTA FE 3', '0', 1, '0'),
(8506697, 'KARIM MARQUEZ', '0', '4146640456', 1, '0'),
(8702545, 'JHON CENCE', '0', '4246156403', 1, '0'),
(9196040, 'MARTHA CABRERA', '0', '4120600756', 1, '0'),
(9659194, 'SOLEIN URDANETA', '0', '4246062280', 1, '0'),
(9700489, 'DALIS GARCIA', '0', '4246680721', 1, '0'),
(9709854, 'DELIA GALVIS', '0', '4246848793', 1, '0'),
(9714502, 'AMELIA OCANDO', 'URB. LOS ROSALES CALLE 82C, SECTOR LAS LOMAS', '4249648272', 1, '0'),
(9725933, 'LESDY NAVA', '0', '4121292098', 1, '0'),
(9731250, 'CARMEN FUENMAYOR', '0', '0', 1, '0'),
(9737163, 'MAIBOL PAZ', 'CALLE 81B NRO 62-25', '4146133470', 1, '0'),
(9738856, 'ZAIDA MARGARITA TELLO', 'AV. 79 #79H-35 SECTOR LA MACANDONA', '0414', 1, 'GMAIL'),
(9745824, 'GUSTAVO RUIZ', '0', '4140709770', 1, '0'),
(9748143, 'HERIBERTO PALMAR', '0', '4126868663', 1, '0'),
(9776926, 'YOLMY GONZALEZ', 'ANA MARIA CAMPO AV 70A', '4149768376', 1, '0'),
(9780327, 'ENDER SILVA', '0', '4127184551', 1, '0'),
(9787435, 'THAIS PIRELA', '0', '4122328007', 1, '0'),
(10017431, 'CARMEN URDANETA', '0', '4146494309', 1, '0'),
(10089686, 'MARISOL ROMERO', 'LA ROSALEDA', '0414', 1, 'GMAIL'),
(10405265, 'ANGELICA PINCON', '0', '4146323235', 1, '0'),
(10405454, 'ISABEL MEDINA', '0', '4246178815', 1, '0'),
(10405622, 'HUERTA ARMANDO', '0', '4241106506', 1, '0'),
(10419011, 'CARRIZO AWILDA', '0', '40246283242', 1, '0'),
(10427049, 'ANGEL PAZ', 'LOS ACEITUNOS', '04146215695', 1, 'GMAIL'),
(10428632, 'MAITE ARIAS', '0', '4246291185', 1, '0'),
(10433678, 'JENNY FLOREZ', '0', '4146212047', 1, '0'),
(10437912, 'YURBIN FLORES ', '0', '4146884477', 1, '0'),
(10438552, 'RODRIGUEZ FRANCYS', '0', '4149658076', 1, '0'),
(10438880, 'ANA MARISOL LOPEZ', 'B FRANCISCO DE MIRANDA CALLE 81 #61-131 ', '4246205179', 1, '0'),
(10443382, 'CRITINA RODRIGUEZ', '0', '4127888639', 1, '0'),
(10444011, 'ANNY VILLALOBOS', '0', '4246155042', 1, '0'),
(10447298, 'CARLOS GUERRERO', 'URB. CIUDADELA FARIA, AV65 C/CALLE 72 EDIF. OCUMARE, APTO. 11C', '4242178991', 1, 'GMAIL'),
(10451018, 'MARCOS QUINTERO', '', '4125297334', 1, ''),
(10451699, 'MAYRA RINCON', '0', '4127917862', 1, '0'),
(10684530, 'PAZ HIGINIO ', '0', '4246212055', 1, '0'),
(10804849, 'OSMAR VILLALOBOS', '0', '0', 1, '0'),
(10919858, 'LEIDA TERAN', '0', '4265668860', 1, '0'),
(11033046, ' NIETO PATRICIA', 'CASTILLO NIETO', '4146698811', 1, '0'),
(11068036, 'MARIA QUINTERO', '0', '4246098290', 1, '0'),
(11134996, ' YOSMELI VILLARREAL', '0', '4127668389', 1, '0'),
(11223616, 'PEREZ NELSON', '0', '4265652065', 1, '0'),
(11248190, 'ROMERO AMARILDE', '0', '4121729717', 1, '0'),
(11256269, 'DENNY ROSALES', '0', '4146370191', 1, '0'),
(11256839, 'LISBETH MORALES', '0', '4146283801', 1, '0'),
(11280369, 'ZIMARAY  BARRIOS', '0', '4146261735', 1, '0'),
(11286247, 'ARMANDO ARIAS', 'BRR ARMANDO REVERON CALLE 51 CASA 92-145', '4146246954', 1, '0'),
(11296489, 'ESTHER FUENMAYOR', '0', '4120264433', 1, '0'),
(11296835, 'ZULY  ROSALES', '0', '4146245413', 1, '0'),
(11389452, 'ALHENRY VELAZQUEZ', '0', '4166604769', 1, '0'),
(11457924, 'DAISY LOPEZ', '0', '0', 1, '0'),
(11460671, 'OMAIRA TORO', '0', '4120669930', 1, '0'),
(11502554, 'ROSALBA TEYES', '0', '4246339973', 1, '0'),
(11607906, 'LUZMARI GONZALEZ ', 'URB EL PRADO, RES GENNI #79H-70', '4146770074', 1, '0'),
(11609290, 'LISBETH REYES', '0', '0', 1, '0'),
(11722782, 'ELIZABETH RODRIGUEZ', '0', '4246516209', 1, '0'),
(11858457, 'NOEL TOAN', 'URB SANTA FE VILLA, CALLE 92, CASA 71A-86', '4246886215', 1, '0'),
(11863330, 'GONZALEZ LEON JOSE ALBERTO', 'CAMINOS DE LA LAGUNITA CONJ. RES. MACUBAJI, CASA # 102', '4246557482', 1, 'GMAIL'),
(11863422, 'MARIA PARRA', 'URB. GILCON, CALLE 79E, AV. 74A', '4126965533', 1, 'GMAIL'),
(11866942, 'MILAGROS MENDOZA', 'URB. LA MONTAÑITA  CALLE 94L, #107-24', '4246824277', 1, 'GMAIL'),
(11867137, 'DENIS MENDEZ', '0', '4146011363', 1, '0'),
(12056634, ' GIOVANNY CHARRIS', '0', '4149674375', 1, '0'),
(12099017, 'LOLIMAR SUAREZ', '0', '4246521982', 1, '0'),
(12212692, 'ISBERT MILLANO', '0', '4120726190', 1, '0'),
(12217544, 'YOHANIS FUENMAYOR', 'URB. LA LAGUNITA ETAPA 2, CONJ. RES. OLIVITOS', '4146447081', 1, 'GMAIL'),
(12257473, 'JORGE MORONTA', '0', '4146124386', 1, '0'),
(12305476, 'MILISBETH  ONTRERAS', 'URB. LAS LOMAS  AV. 7AA RES. LAS TUNAS', '4246045148', 1, '0'),
(12308903, 'DALY LEON', '0', '4146048400', 1, '0'),
(12330056, 'ALVES JUNEIKA', '0', '4146797867', 1, '0'),
(12353676, 'MARCIAL AÑEZ\n', '0', '4146252446', 1, '0'),
(12380856, 'PEDRO VILLASMIL', 'BARRIO FRANCISCO DE MIRANDA AV 68 # 80', '0424', 1, 'GMAIL'),
(12394564, 'CARRERO GONZALEZ YUNAIRI', 'AV. 14A ENTRE CALLE 71-72', '04146261470', 1, 'GMAIL'),
(12417458, 'MARIN ZULEIDA', '0', '4246947460', 1, '0'),
(12442174, 'ESTRADA UGUETO CATHERINE', 'URB. LAS LOMAS CALLE 80B # 71A-90', '04123887407', 1, 'GMAIL'),
(12444140, 'GLEIDY CONTRERAS', 'FRANCISCO DE MIRANDA CALLE 81', '4149702553', 1, '0'),
(12493849, 'MEIDYS MORALES', '0', '4242218232', 1, '0'),
(12514677, 'PEDRO PALOMARES', '0', '4146145667', 1, '0'),
(12518505, 'CAROLINA MELO', '0', '4126569814', 1, '0'),
(12548835, 'BELKIS RIOS', '0', '4146301123', 1, '0'),
(12595624, 'ROSA ABREU', 'CAMINOS DE LA LAGUNITA CONJ RES YACAMBU', '4246134169', 1, '0'),
(12693177, 'GASTON ACOSTA', '0', '0', 1, '0'),
(12696620, 'DARYEELLING RUBIO', '0', '4127725141', 1, '0'),
(12697051, 'TULIO ROMERO', '0', '0', 1, '0'),
(12697136, 'IRAMA URRIBARRI', '0', '4127686333', 1, '0'),
(12697639, 'YEILYS MALDONADO', 'URB ANA MARIA CAMPOS CALLE 94I-98', '4246047687', 1, '0'),
(12760569, 'NIDI TERAN', 'URB. TERRAZAS DE MARACAIBO', '4146311024', 1, 'GMAIL'),
(12777096, 'IRIA QUINTERO', '0', '4140636654', 1, '0'),
(12801593, 'YUSMERY FUENMAYOR', 'LOS ACEITUNOS', '0', 1, '0'),
(12801867, 'OCHOA NELICARMEN', '0', '4127651435', 1, '0'),
(12802348, 'ALEXANDER URDANETA', '0', '4146242475', 1, '0'),
(12803276, 'ROSANA PAULINI', '0', '4146771001', 1, '0'),
(12803306, 'PATRICIA PEÑA\n', '0', '4246669693', 1, 'GMAIL'),
(12803372, 'JAKNY ESTEVEZ', 'URB. LAS LOMAS', '4149679505', 1, 'GMAIL'),
(12804633, 'GAUDY CASTELLANO', '0', '4149622271', 1, '0'),
(12805573, 'AÑEZ JACKELINE\n', '0', '4146731707', 1, '0'),
(12868536, 'HERNANDEZ NILIBETH', '0', '4127517455', 1, '0'),
(12868997, 'MARISELA GONZALEZ', 'B. VENEZUELA, CALLE 79G # 71A-143', '0414', 1, '0'),
(13002180, 'RAMOS ARIZA JAMES S.', 'SANTA FE VILLAS, CALLE 90, CASA # 71A-146', '4246344533', 1, 'GMAIL'),
(13002894, 'DORINN VARGAS', '0', '4167619198', 1, '0'),
(13003339, 'YULITZA FERRER', 'SANTA FE 1', '4246040406', 1, '0'),
(13004084, 'FERNANDO GUTIERREZ', '0', '4146659995', 1, '0'),
(13004187, 'JAZMIN DE PEÑA\n', '0', '4146226518', 1, '0'),
(13005553, 'MABEL NOGUERA', 'RES LAS TUNAS TORRE C PISO 10 APTO 10B', '4246785495', 1, '0'),
(13006494, 'BOSCAN IDENES', '0', '4246773126', 1, '0'),
(13008311, 'LESLYE DE LA HOZ', '0', '4246444411', 1, '0'),
(13023110, 'TORRES ANGEL', 'SECTOR LOS MODINES', '04121666177', 1, 'GMAIL'),
(13175683, 'MARIA VILLALOBOS', 'SECT. AMPARO RES. SAGRADA FAMILIA 2, TORRE C, APTO. 1-C', '4146614277', 1, 'GMAIL'),
(13242497, 'MARLIN GARCIA\n', 'URB LAS LOMAS 79I-49', '4146724017\n', 1, 'GMAIL'),
(13242580, 'YARITZA FUENMAYOR', 'AV. 62 CON CALLE 80 L #61-95', '4146114800', 1, 'GMAIL'),
(13243350, 'LEON ELENA', '0', '4126536918', 1, '0'),
(13244127, 'LIDDEYS RODRIGUEZ', '0', '4146712134', 1, '0'),
(13296933, 'FERNANDO INCIARTE', '0', '4146483719', 1, '0'),
(13299968, 'MARIA MOLERO', '0', '4265676630', 1, '0'),
(13300445, 'RAIZA GUERRERO', '0', '4246111311', 1, '0'),
(13300840, 'CARMEN HERNANDEZ ', '0', '4146513602', 1, '0'),
(13370057, 'MASSIEL SANCHEZ', '0', '4246895405', 1, '0'),
(13372709, 'YARITZA SEGOVIA', '0', '4246989385', 1, '0'),
(13495646, 'LILIANA FERNANDEZ', '0', '4246328027', 1, '0'),
(13516455, 'CARMEN NARVAEZ', '0', '0', 1, '0'),
(13529073, 'LEONORELA BOSCAN', '0', '4264686060', 1, '0'),
(13555861, 'MORELYS SUAREZ', '0', '4146880882', 1, '0'),
(13561890, 'PELLEGRINI GIAN', '0', '4246358603', 1, '0'),
(13580730, 'YARITZA PADRON', 'AV- 77 CON CALLE 79H, SECTOR LA MACANDONA RES. ANA JOSEFA, TORRE B, APTO. B6', '4149697642', 1, 'GMAIL.'),
(13628128, 'SIRELVY BRAVO', '0', '4146120832', 1, '0'),
(13649194, 'YELITZA RIVAS', 'SECTOR BLOQUES RAUL LEONI', '4246673359', 1, '0'),
(13653898, 'MARIA VILLASMIL', '0', '4140683339', 1, '0'),
(13661026, 'SURASKY VILLAFAÑA\n', '0', '4246300595', 1, '0'),
(13718015, ' LUCY ATENCIO', '0', '4146453304', 1, '0'),
(13830113, 'TORRES YSNEI', '0', '00', 1, ''),
(13830397, 'BETSABE CAMACHO', '0', '4146715572', 1, '0'),
(13830794, 'YEFFERSON GUTIERREZ', '0', '4246802495', 1, '0'),
(13830906, 'ROSYNELL LOPEZ', '0', '0', 1, '0'),
(13830988, 'JOEL DUDAMELT ', 'BARRIO FRANCISCO DE MIRANDA', '4121609826', 1, '0'),
(13878241, 'NIZA URDANETA', '0', '4121600342', 1, '0'),
(13878642, 'LISBETH PIÑA\n', '0', '4146351119', 1, '0'),
(13912565, 'FAVIANA ACOSTA', '0', '4146637499', 1, '0'),
(13930701, 'ANDREINA CHACIN', 'RAUL LEONI II APTO 02-01', '4142627366', 1, '0'),
(13932101, 'JUAN LEON', '0', '4246943372', 1, '0'),
(13958063, 'ANGIE CAROLINA CASERES', '0', '4146579226', 1, '0'),
(13996326, 'MARYONY CARDOZO', 'SECTOR ARBERTO CARNAVALLI AV. 65 #', '4246414337', 1, 'GMAIL'),
(14005764, 'GABRIELA MEDRANO', 'LOS ALTOS III, CALLE 95, # 88-07', '4140681332', 1, 'GMAIL'),
(14005769, 'CELIA AGUILAR', '0', '4246815420', 1, '0'),
(14007214, 'VIVIANA RODRIGUEZ', 'AV 73B EL JAZMIN', '4246410198', 1, '0'),
(14007244, 'FRANCISCO RODRIGUEZ', '0', '4146805066', 1, '0'),
(14007805, 'GERARDO URRIBARRI', '0', '4127855289', 1, '0'),
(14026122, 'NAILETT CARDOZO', 'URB. CAMINOS DE LA LAGUNITA, ETAPA 1, CONJUNTO 7', '4143673549', 1, 'GMAIL'),
(14030889, 'ALEJANDRO LUQUE', '0', '0', 1, '0'),
(14135789, 'MARIELA MOLINA', 'CAMINOS DE LA LAGUNITA, CONJ. 9, LOS OLIVITOS , CASA # 9-35', '4246098769', 1, 'GMAIL'),
(14136411, 'ALFONSO MELEAN', '0', '4246488933', 1, '0'),
(14138308, 'MARIA BAENA', '0', '4241592551', 1, '0'),
(14201194, 'JULIO QUINTERO', 'COJUNTO RESIDENCIAL EL ALTO EDIF ELAINE APTO 3-4', '4127696562', 1, '0'),
(14206055, 'LILIBETH ALCANTARA ', '0', '4146735355', 1, '0'),
(14233929, 'ANA PUCHE', '0', '4246130196', 1, '0'),
(14234424, ' ALEXIS GOMEZ', '0', '4146511323', 1, '0'),
(14278779, 'ADRIANA GONZALEZ', '0', '4246917877', 1, '0'),
(14279684, 'JOENEN MANAURE', 'LOS MEDANOS', '4127207606', 1, 'GMAIL'),
(14280204, 'MARGGIORY CHOURIO', '0', '4143679947', 1, '0'),
(14305063, 'DANIELA  VERA ', '0', '4143617588', 1, '0'),
(14305523, 'EDGINA FALCON', '0', '4146049207', 1, '0'),
(14349853, 'ACOSTA MAYRA', '0', '4146023458', 1, '0'),
(14370158, 'FARFAN YULEIYS', '0', '42416223339', 1, '0'),
(14415792, 'ELIMAR FERNANDEZ', 'CALLE 80 ENTRE AV. 74 Y 74A, CONJ. RES. LAS DONAS, TORRE D, APTO. 3B ', '4146876321', 1, 'GMAIL'),
(14416859, 'NAIBEL MOSQUERA', '0', '4146653131', 1, '0'),
(14501449, 'GONZALEZ KEILYN', '0', '4140621889', 1, '0'),
(14524700, 'JOSHAIAM PINZON', '0', '4166660909', 1, '0'),
(14525343, 'INGRID PARRA', '0', '4246385354', 1, '0'),
(14525930, 'GONZALES  YEGLYS', 'LOMAS DEL VALLLE 1, AV.69A, #237', '4121279795', 1, 'GMAIL'),
(14598641, 'YICELY OLIVERA', 'SANTA FE VILLAS, CALLE 92, # 70B-13', '4121288567', 1, 'GMAIL'),
(14629859, 'RODRIGUEZ EDICTA ', '0', '4246890478', 1, '0'),
(14631653, 'YELITZA OSORIO DE M', '0', '4146914422', 1, 'GMAIL'),
(14647766, 'SERNELI BRETT', 'AV 71A RESID LA COLINA BLOQUE B', '4146439300', 1, '0'),
(14651173, 'LEONARDO MOLLEDA', '0', '4127686191', 1, '0'),
(14700981, 'ARELIZ RAMIREZ', '', '4127511708', 1, ''),
(14736629, 'DAIRY MEJIA', '0', '0', 1, '0'),
(14736631, 'MEJIAS DAIVE', '0', '4146492606', 1, '0'),
(14737023, 'MAIRA DIAZ DE FERRER', 'FRANCISCO DE MIRANDA', '4126405551', 1, '0'),
(14748443, 'YANT FUENMAYOR', '0', '4246409692', 1, '0'),
(14762585, 'ROSARIO HERNANDEZ', 'URB SANTA ISABEL CALLE 82 CON AV 74 #74-61', '4166606792', 1, '0'),
(14824972, 'ERICKA ACOSTA', 'SECTOR AYACUCHO CALLE 79G CASA 84-16', '4126061290', 1, '0'),
(14895137, 'JENNIFFER MELEAN', '0', '4246303768', 1, '0'),
(14895259, 'YUSMEARY AVILA', '0', '4125294532', 1, '0'),
(14895633, 'LEDIA  ANTUNEZ', '0', '4123999624', 1, '0'),
(14895894, 'JOSE ESCALONA', '0', '4146515214', 1, '0'),
(14896122, 'MAVARES DE BRACHO KARINA CLARET', 'URB. RAUL LEONIS, II ETAPA, BLOQUE 14, EDIF. 1, APTO. 00-01', '4146056334', 1, 'GMAIL'),
(14896868, 'JOHANNA ROUVIER ', 'CALLE 79H-2 RES. LA ROSITA TORRE B ATO. 6B', '04247182530', 1, '0'),
(14918317, 'MARGARITA BRACHO', 'SECTOR PANAMERICANO, CASA # 76-60', '4146763167', 1, 'GMAIL'),
(14921796, 'YURAIMY CORREDOR', '0', '0', 1, '0'),
(15009685, 'JUAN MARQUEZ', 'LAS LOMAS', '4126443962', 1, '0'),
(15009715, 'JAICE YAMARTE', '0', '4246706106', 1, '0'),
(15053161, 'MARIA HERNANDEZ', '0', '4146215418', 1, '0'),
(15061781, 'LEGDA MOLERO', '0', '4120649696', 1, '0'),
(15061933, 'VANESA GONZALEZ', 'URB. LOS ACEUSES, CALLE 88, # 71A-74', '4246590888', 1, 'GMAIL'),
(15097562, 'CIANNETTI', 'CALLE 79E, CASA 71A-84 EL JAZMIN', '4246768599', 1, 'GMAIL'),
(15162628, 'NUBIA NAVARRO', '0', '4146830889', 1, '0'),
(15163096, 'SANDRA AÑEZ\n', '0', '4246399701', 1, '0'),
(15163858, 'GONZALEZ KEILYN', '0', '4140621889', 1, '0'),
(15260244, 'ANIBAL FARIA', 'URB. GILCON AV.74 CALLE 79C # 79C-10', '4124732750', 1, '0'),
(15261823, 'JENNIFER CHOURIO', 'URB EL PRADO', '4126503134', 1, '0'),
(15281099, 'MIGUEL GONZALEZ', '0', '04246895021', 1, '0'),
(15286004, 'EDITH CHACON', 'AV 76 SECTOR LA MACANDONA', '4146252230', 1, '0'),
(15286414, 'ARANDA YERLYN', 'CARMELO URDANETA', '04146745992', 1, 'YERLYNARANDA.I@GMAIL.COM'),
(15286813, ' WILLBAR ECHEVERRIA', '0', '4141652002', 1, '0'),
(15287143, 'YESICA NARANJO', 'BARRIO ALBERTO CARNEVALLI CALLE 82 #63B-54', '4126636055', 1, '0'),
(15320077, 'ELIS MORONTA', 'SECTOR LA MACANDONA', '04141674700', 1, 'GMAIL'),
(15391931, 'LISBETH ARROYO', '0', '4121275830', 1, '0'),
(15401644, 'OCANDO ROJAS ANDREA MILAGROS', 'SECTOR ARCO IRIS CALLA 87 # 70B-5B', '0414', 1, 'GMAIL'),
(15409064, 'CECILIA DOMINGUEZ', 'URB LAS LOMAS CALLE 80A #71A-26', '4246809949', 1, 'GMAIL'),
(15409292, 'ANDRY FERNANDEZ', 'URB PIEDRAS DEL SOL III ETAPA', '4146503601', 1, 'GMAIL'),
(15409366, 'ROSALES YANNIKA', '0', '4247012475', 1, '0'),
(15410396, 'ANGELA CASTILLO', '0', '4146050347', 1, '0'),
(15435057, 'PINEDA URDANETA CLAIRE DEL VALLLE', 'SAANTA FE 1, OESTE', '4146162910', 1, 'GMAIL'),
(15466064, 'YUSMELIA LEAL', '0', '4246005778', 1, '0'),
(15479323, 'PATRICIA AGUILAR', '0', '4246571893', 1, '0'),
(15523702, ' JENNY BRAVO', 'URB. LA FLORESTA CALLE 79C, CASA # 90B-30', '4149695665', 1, '0'),
(15531364, 'MENDEZ KARLY', 'B ARBERTO CARNEVALLI CALLE 81A #63A-35', '412642107', 1, '0'),
(15559479, 'GARCIA FUENMAYOR LUIS GERALDO', 'CALLE 79 VILLA GILCON CASA # 4', '04246372444', 1, 'GMAIL'),
(15561387, 'LUIS VILORIA', '0', '4246257281', 1, '0'),
(15561813, 'YAIBEL ZAMBRANO', 'URB LA VICTORIA', '04146522481', 1, '0'),
(15623191, 'MARIA ROJAS', 'SECTOR CLUB HIPICO, AV. 73A', '4246825308', 1, 'GMAIL'),
(15718838, 'CLAUDIA MANDRILLO', '0', '4146011473', 1, '0'),
(15726615, 'ERIBEHT  QUIJADA', '0', '0', 1, '0'),
(15727292, 'ELIANTA PEREIRA JIMENEZ', 'LAS LOMAS DE MARACAIBO 66A02', '04140658514', 1, '0'),
(15747001, 'MEYLIN ROMERO', 'URB. LA VICTORIA  2DA. ETAPA AV. 80-1 #67A-88', '4146119901', 1, 'GMAIL'),
(15750793, 'BERBELIS ARRIETA', 'CALLE 83, CON AV. 69A', '4146490251', 1, 'GMAIL'),
(15763762, 'YUBIRYS GONZALEZ', '0', '4127694467', 1, '0'),
(15764673, 'MARYELIS CALLEJA', 'URB. CUATRICENTENARIO 2DA. ETAPA CALLE 35-50 CASA #29', '4127711308', 1, '0'),
(15764739, 'CARLA CARRIZO', '0', '4146455546', 1, '0'),
(15766633, 'AILLEN HARRIS', 'SECTOR LOS OLIVOS, VILLA SOL CAS #1', '04120705201', 1, 'GMAIL'),
(15841624, 'MARINEL DELGADO ', '0', '4121253359', 1, '0'),
(15889787, 'FRANCIS URDANETA', '0', '4146601591', 1, '0'),
(15917390, 'DAYANA CURIEL', 'URB. VILLA BARALT, AV.8 #1102', '4246897677', 1, 'GMAIL'),
(15938268, 'SUAREZ ESCALONA JESSON JOSE', 'SECTOR AANA MAARIA CAMPOS AV. 70 CASA 80B-85', '04120603331', 1, 'GMAIL'),
(15986915, 'PUCHI ANGIE', '0', '4146209181', 1, '0'),
(15987551, 'OLIMER PORTILLO', '0', '0', 1, '0'),
(15987661, 'OLIMER PORTILLO', 'AV. 19 LA FLORIDA CASA # 97-38', '4146904754', 1, 'GMAIL'),
(15987764, 'AIDELIN GONZALEZ', 'URB. LAS LOMAS CALLE 80, CASA # 71A-37', '4126923320', 1, 'GMAIL'),
(16016236, 'YOALICES BOSCAN', 'AV. 79, CASA 79-88', '4146162034', 1, 'GMAIL'),
(16066171, 'ANGELICAS SALAS', 'URB EL PRADO', '4147209698', 1, '0'),
(16079441, 'CAROLINA MANZANILLA', '0', '4146075366', 1, '0'),
(16080148, 'CHACIN ELEUDA ', '0', '4246972774', 1, '0'),
(16080920, 'FARIDY GALLARDO', '0', '4246332545', 1, '0'),
(16090045, 'ANGELICA GOMEZ', 'CONJ. RES. LOMAS DEL SOL, CALLE 80 CON 76B.', '4143516138', 1, 'GMAIL'),
(16107313, 'CHACIN MENDEZ JESUS', 'URB. EL PRADO CALLE 78A CON AV. LA LIMPIA', '04123563292', 1, 'GMAIL'),
(16121107, 'JUAN DIAZ', '0', '4246448246', 1, '0'),
(16121279, 'INGRID GONZALEZ', '0', '0', 1, '0'),
(16150410, 'ANDREINA PADRON', '0', '4246274596', 1, '0'),
(16151441, 'LEIDY VALENCIA', 'LA ROTARIA CALLE 80', '04146061351', 1, 'GMAIL'),
(16187981, 'JENNIFER AGUILAR', '0', '4246239002', 1, '0'),
(16211963, 'YANISEL BARRETO', '0', '4126536034', 1, '0'),
(16212529, 'MAYRA CABRERA', '0', '0', 1, '0'),
(16266602, 'MILIZTZA VALBUENA', '0', '4146816829', 1, '0'),
(16295519, 'HENRY MOLLEDA', 'SECTOR PANAMERICANOAV. LIMPIA CALLE 74-93', '4127686191', 2, 'G'),
(16295772, 'VICTORIA MONTERO', '0', '4146286881', 1, '0'),
(16296258, 'WILMARY  MORALES', '0', '4241092768', 1, '0'),
(16354126, 'MAIGUALIDA AVILA', '0', '4246941112', 1, 'GMAIL'),
(16354265, 'DENNIS HERNANDEZ', 'URB. SAN RAFAEL CALLE 62B, # 97-33', '4146097465', 1, 'GMAIL'),
(16354783, 'NOHELIA SOCORRO', 'SECTOR FRANCISCO DE MIRANDA CALLE 79F', '4146056689', 1, 'GMAIL'),
(16355296, 'NORMA MENDEZ\n', '0', '4246938623', 1, '0'),
(16355438, 'OSWALD ROLANDO ZABALA FRANCO', '', '0424665186', 1, 'GMAIL'),
(16427492, 'LUIS GARCIA\n', 'urb el prado', '0414', 1, '0'),
(16459563, 'YOANDRY CASTELLANO', '0', '4146343758', 1, '0'),
(16459884, 'LANDY FUENMAYOR', 'CALLE 95 SECT FELIPE PIRELA CASA 67-74', '4121288361', 1, '0'),
(16459890, 'JAIMELIN AVILA', '0', '424665186', 1, '0'),
(16550322, 'LEIRYS CARMONA', '0', '4246773986', 1, '0'),
(16560145, 'SANCHEZ MARIA', '0', '4246017376', 1, '0'),
(16560684, ' GERALDINE GONZALEZ', '0', '4146684911', 1, '0'),
(16608929, 'HAZEL ALTAGARACI AUGUSTO BERTOMOLDE', '0', '0', 1, '0'),
(16621559, 'KELINA SUAREZ\n', 'VILLA AURORA CALLE 98C, CASA # 92-77', '4246294242\n', 1, 'GMAIL'),
(16660182, 'YAMELIS GARCIA', '0', '4146120041', 1, '0'),
(16727135, 'HEIDY SIRGADO', '0', '4246401805', 1, '0'),
(16730320, 'VANESSA MATA', 'URB. LAS LOMAS, CALLE 80A # 73A-90 ', '4127644063', 1, 'GMAIL'),
(16748050, 'ALEXIS OROPEZA', 'URB CUMBRES DE MARACAIBO AV. 59 RES TORRE', '4146674237', 1, '0'),
(16780429, 'YAJAIRA CORDERO', 'BARRIO REY DE REYES AV.68 #96D-22', '4246524216', 1, 'GMAIL'),
(16781455, 'CLAUDIA CAMPOS', 'TORRE DE VALLE CLARO', '4127859211', 1, 'GMAIL'),
(16782530, 'ALEXANDER REYES', '0', '0', 1, '0'),
(16783226, 'MAYLEIYS URBINA', '0', '4141674700', 1, '0'),
(16783279, 'YOSELIN MONCADA', '0', '4126510074', 1, '0'),
(16836433, 'MARIO GONZALEZ', '0', '4120654975', 1, '0'),
(16919449, 'FERNANDEZ URDANETA MARIA PILAR', 'CARDONAL NORTE, CASA # 39-10', '4246649276', 1, 'GMAIL'),
(16986919, 'MARY FARIAS', 'VILLAS SANTA FE, CALL 91 # 70B-166', '4146680040', 1, 'GMAIL'),
(16988982, 'YUBELIN PIRELA', '0', '0', 1, '0'),
(16989262, 'YOHALITZA MEDINA', 'B. ANA MARIA CAMPOS AV. 70A # 80B-64', '04241280372', 1, 'GMAIL'),
(17070037, 'SAYERLIN PINEDA', '0', '4246326653', 1, '0'),
(17089956, 'GILBERTO AÑEZ\n', '0', '4140660174', 1, '0'),
(17089974, 'VANESSA ALVES', '0', '4246140169', 1, '0'),
(17096946, 'LUISA ACEVEDO', 'AV. 64 CON CALLE 79B CASA 64-10', '4246556624', 1, '0'),
(17098781, 'ALLAN ANTUNEZ', '0', '4123150538', 1, '0'),
(17182905, 'RAMIREZ FUENMAYOR EDIXON JESUS', 'SANTA FE VILLAS', '04125747405', 2, 'GMAIL'),
(17232485, 'INES GONZALEZ', '0', '4140703317', 1, '0'),
(17233522, 'YOJANA ECHETO', '0', '4246031427', 1, '0'),
(17294481, 'MOREIMA MANZANILLO', 'RAUL LEONI', '4146908726', 1, '0'),
(17294786, 'MAILE ARIAS', 'SECTOR LAS LOMAS 82C # 71A-03', '4146916834', 1, 'GMAIL'),
(17310212, 'MARIA AVILA', 'URB GILCON C N79-E59 LA MACANDONA', '4149653195', 1, '0'),
(17327349, 'NATHALY CHOURIO', '', '4146515214', 1, ''),
(17347500, 'DIANA MORALES', '0', '4127122154', 1, '0'),
(17412468, 'KINBERLY ORTEGA', '0', '4140648813', 1, '0'),
(17413709, 'YERISANGEL CHACON', 'SECTOR AMPARO VILLA SAGRADA FAMILIA', '04246365307', 2, 'CHACONYERISANGE@GMAIL.COM'),
(17415258, 'ESPINA EGLIS', 'VILLA SANTA FE CALLE 92', '0', 1, '0'),
(17443279, 'NOHELYN HERMAN', '0', '4146105531', 1, '0'),
(17460352, 'YALINETH ZAMBRANO', 'SANTA FE VILLAS', '4125747505', 1, 'GMAIL'),
(17460913, 'BREISLYS HEREIDA', '0', '4145393213', 1, '0'),
(17462664, 'ELIZABETH BRICEÑO\n', 'AV. LA LIMPIA SECTOR AMPARO', '4246686545', 1, 'GMAIL'),
(17479362, 'MARIA VALLES', '0', '4146287424', 1, '0'),
(17634357, 'VILCHEZ VARGAS SORELIS MARIA', 'PARC. ARCOIRIS, CALLE 84, CASA # 70B-133', '041278555320', 1, 'SORELIS.VARGAS86@GMAIL.COM'),
(17668961, 'DIANA RODRIGUEZ', '0', '4146059128', 1, '0'),
(17683036, 'FRANCIS  PARRA', '0', '4246209852', 1, '0'),
(17735885, 'NEZABETH ATENCIO', '0', '4146397315', 1, '0'),
(17805150, 'LILIANA LAMPE', '0', '4141747921', 1, '0'),
(17806944, 'ELINETH BONIVENTO', 'PARCELAMIENTO ARCO IRIS CALLE 84 #70B-53', '4120691476', 1, '0'),
(17834275, 'KAROL VELAZQUEZ', 'RES. LAS LOMAS, CALLE 79, APT. A2 PLATA BAJA', '04129699982', 2, 'GMAIL'),
(17918335, 'MONCADA ESIS YOSELIN YELIN', 'SECTOR ARCO IRIS, CALLE 72, CASA # 71A-23', '04126510074', 2, 'GMAIL'),
(17953846, 'HAZEL PEREZ', 'RAUL LEONI', '4246278301', 1, '0'),
(18005004, 'ASTRID MOLERO', '0', '414264531', 1, '0'),
(18119899, 'MARYNIS MENDEZ', 'LAGOMAR', '4143678590', 1, 'GMAIL'),
(18161772, 'KARIN OROZCO', '0', '4140613462', 1, '0'),
(18202185, 'ELIZABETH ROJAS', '0', '4246045870', 1, '0'),
(18203531, 'KARLA SALAZAR', 'VALLE CLARO', '04149645525\n', 1, '0'),
(18285228, 'MAIBELYN GARCIA', 'BR FRANCISCO SECTOR ESTEBAN ESPINA', '4243111238', 1, '0'),
(18285451, 'ANDREA AVENDAÑO\n', 'URR LOS SAUCE CALLE 88 CASA #70B-100', '4146386773', 1, 'GMAIL'),
(18317078, 'MARIANA GUANIPA', '0', '0', 1, '0'),
(18319587, 'EDUARDO MORAN', 'LA VICTORIA', '0', 1, '0'),
(18340515, 'CINDY PIRELA', '0', '4143637015', 1, '0'),
(18341459, 'NATALY AVILA', 'B. FRANCISCO DE MIRANDA CALLE 80B ', '4146621274', 1, 'GMAIL'),
(18426234, 'IMELDA MEZA', '0', '4246297100', 1, '0'),
(18427644, 'DAYANA PARRA ', 'LA ROTARIA', '04248056198', 1, '0'),
(18496465, 'BETTY MORENO', '0', '4246435283', 1, '0'),
(18497962, 'DEGUIENIDS FLEIRES', '0', '4246477901', 1, '0'),
(18517165, 'VIXIS GALINDEZ', '0', '4246525766', 1, '0'),
(18576728, 'YELANIS ZERPA', '0', '4149659911', 1, '0'),
(18626945, 'ROBERTO MAVAREZ', 'VILLA PALMA REAL', '0414', 1, '0'),
(18647009, 'CIRIMAR ARAMBULO', '0', '0', 1, '0'),
(18662865, 'josseph trump', 'viento norte cabo apto 5d piso', '04146431540', 2, 'jossephtrump'),
(18722115, 'AMILI BLANCO DURAN', 'URB EL PRADO', '0', 1, '0'),
(18832040, 'IRIS MORILLO', '0', '4246363175', 1, '0'),
(18876447, 'KAMYALLI FERRER ', 'URB EL PRADO', '4143617549', 1, '0'),
(18920806, 'NORELKIS ARAMBULO\n', 'URB EL PRADO', '4146960093\n', 1, '0'),
(19075529, 'GALBAN CHACIN IDAURIS', 'URB EL PRADO', '0', 1, '0'),
(19075963, 'MARISABEL MISAT\n', '', '0', 1, ''),
(19176227, 'CARLA MORA', '0', '4146316733', 1, '0'),
(19211351, 'MEYARLIN IBARRA', 'CALLE 80, URB. LAS LOMAS', '4123170442', 1, 'GMAIL'),
(19211979, 'NORELKIS DORANTE', '0', '4146713761', 1, '0'),
(19306465, 'ALEJANDRA LOPEZ', 'URB. LAS LOMAS AV. 74A # 806-163', '4121741139', 1, 'GMAIL'),
(19340037, 'ARIAS GERARDINE ', '0', '4246811218', 1, '0'),
(19393985, 'RUTH AÑEZ', '0', '4246372444', 1, '0'),
(19394405, 'JAMMY SANTOS', 'VILLA SAN ISIDRO', '4246307964', 1, 'GMAIL'),
(19440830, 'ANGEL ORTIGOZA', 'URB. LAS AMALIAS', '4147600388', 1, 'GMAIL'),
(19568583, 'JULIETTE VILLALOBOS', 'urb el prado', '0', 1, '0'),
(19574623, 'MARIANA HERNANDEZ', '0', '4120726627', 1, '0'),
(19623196, 'DAYANA LARA', '0', '4126506357', 1, '0'),
(19645136, 'JORDAN MARIANA', 'AV. 63A, CUMBRES DE MARACAIBO, VILLA LA MILAGROSA', '4146092134', 1, 'GMAIL'),
(19679327, 'DELEANA RINCON', '0', '4126570377', 1, '0'),
(19695335, 'MENDEZ CARMEN', '0', '4146898914', 1, '0'),
(19704694, 'GRILESKA GONZALEZ', '0', '04129682843', 1, '0'),
(19766189, 'OSBELYS PIRELA', '0', '4246638953', 1, '0'),
(19837458, 'VERONICA SEGOVIA', 'LA LAGUNITA  CASA #126', '0', 1, 'GMAIL'),
(19906782, 'ARIANA URDANETA', '0', '4246988103', 1, '0'),
(19988532, 'DANIELYS RIOS', 'URB EL PRADO', '0', 1, '0'),
(20070478, ' ISABEL ROCHA', 'BARRIO OBRERO AV. 96', '4125466253', 1, '0'),
(20203896, 'KARINA VELASQUEZ', 'URB EL PRADO', '0', 1, '0'),
(20204696, 'KATERINE ARRIETA ', 'SECTOR PANAMERICANO AV. 72 #23-60', '4246592355', 1, 'GMAIL'),
(20204697, 'ANDREINA ATENCIO', 'AV.  71A SECTOR EL PRADO # 79F-39', '0414', 1, 'GMAIL'),
(20688511, 'PARRA ROMERO ANGELINA', 'SECTOR CLUB HIPICO', '0424592112', 1, 'GMAIL'),
(20689481, 'ANDREA ACOSTA', 'SANTA FE III, CALLE 85 #69-B', '4146472995', 1, 'GMAIL'),
(20691551, 'CHACIN IRAIMA', '0', '0', 1, '0'),
(20692324, 'DAIBERI ANTUNEZ', '0', '4246577699', 1, '0'),
(20762649, 'YERIMAY BALLESTERO', 'LOMAS DEL VALLE', '04241452880', 1, 'GMAIL'),
(20844862, 'ANDREA HUERTA', 'SECTOR FRANCISCO DE MIRANDA CALLE 80B #64-105', '4246983872', 1, '0'),
(20861466, 'MARIELA BARRIOS', '0', '4246277313', 1, '0'),
(20944095, 'ORDOÑEZ YENIREE\n', 'BR FRANCISCO DE MIRANDA CLLE 79E CASA 64-30', '4146169063', 1, '0'),
(20947751, 'CERVANTE GERARDO', '0', '4246601171', 1, '0'),
(20947996, 'JOSE LUIS RAMIREZ', '0', '4121270938', 1, '0'),
(21078266, 'ROSANGEL PARRA', 'URB EL PRADO', '4121746181', 1, '0'),
(21108016, 'KISSBELY PIRELA', 'RAUL LEONIS', '04126755694', 2, 'GMAIL'),
(21108116, 'kissbely Pirela', '', '04126755694', 1, ''),
(21228833, 'ILDEANNY MOLINA', 'VALLE CLARO EDIF. MOTATAN', '4146207039', 1, 'GMAIL'),
(21354676, 'JAONNY SANTOS', '0', '4246098664', 1, '0'),
(21359783, 'GENESIS GUZMAN', '0', '4126755547', 1, '0'),
(21487043, 'AMESTY JESICA', '0', '4146911604\n', 1, '0'),
(21487663, 'DIANIS MOLINA', 'URB. LA ROTARIA 5TA. ETAPA AV. 108 C/CALLE 91', '4149766952', 1, 'GMAIL'),
(21693590, 'ANAIS ORDOÑEZ\n', '0', '4121681293', 1, '0'),
(22448790, 'EDGLYMAR FUENMAYOR', '0', '4166651922', 1, '0'),
(22479256, 'MARY AVILA', 'CALLE 81 AV 62 CASA 61-80 FCO DE MIRANDA', '4246451517', 1, '0'),
(22479329, 'KARLEIN SOTO', '0', '4127504413', 1, '0'),
(22481353, 'MARIELA MOSQUERA', 'CLUB HIPICO', '0414', 1, '0'),
(23454643, 'ILDA HELD', 'LOMAS DEL VALLE CALLE 84 CASA 67A 40', '4127515810\n', 1, 'GMAIL'),
(23455543, 'DARLING BECERRA\n', 'URB EL PRADO', '04146646286', 1, 'GAMAIL'),
(23458177, 'WILMARY OLIVAR', '0', '0', 1, '0'),
(23460963, 'FARIA ARIANNICE', '0', '4246280329', 1, '0'),
(23554258, ' ALEJANDRA REYES', '0', '4246932661', 1, '0'),
(23643130, 'EYLEEN MENDOZA', 'URB LAS LOMAS AV 76', '4246790349', 1, '0'),
(23858630, 'YUNIS AHMED', '0', '4127501538', 1, '0'),
(24253529, 'GARCIA  REYCEL', 'URB. EL PRADO', '04146165284', 1, 'GMAIL'),
(24255496, 'KARLA FELISOLAS', 'CALLE 70 B', '0414', 3, 'GMAIL'),
(24375882, 'HIZKELIN RIOS', 'URB EL PRADO', '4146176765', 1, 'GMAIL'),
(24381876, 'OSMARY DELGADO', '0', '4246714128', 1, '0'),
(24410483, 'MARIA ANGELICA BASTIDAS FERNANDEZ', 'FRANCISCO DE MIRANDA', '4246852523', 1, 'GMAIL'),
(24582703, 'DILBER GUERRA', 'SECTOR AYACUCHO', '4121738381', 1, '0'),
(24617554, 'YELIANNY  CARDOZO\n', 'URB EL PRADO', '0', 1, '0'),
(24727331, 'ROSBERLY GARCIA', '0', '4140611406', 1, '0'),
(24949296, 'ADRIANNY OLANO', '', '4121270938', 1, ''),
(25020456, 'ROSBELI MELEAN', '0', '0', 1, '0'),
(25188036, 'JENNIFER MARRIAGA', '0', '4145862879', 1, '0'),
(25296214, 'DANA GUERRA', 'AV.', '04126939787', 1, 'GMAIL'),
(25724779, 'DAINE IGUARAN', '0', '4146375705', 1, '0'),
(26554000, 'MARIA ALVAREZ', 'URB. EL PRADO AV. 70B', '4126650773', 1, 'GMAIL'),
(30599610, 'ISMENIA RAMIREZ', '', '4126753316', 1, ''),
(32082453, 'AMARIS SIRGADO LORENA DAHEI', 'la limpia', '0412', 2, 'gmail'),
(32650824, 'AROCHA HEREDIA, BRICEILYS DEL C.', 'rosal', '0414', 2, 'gmail2'),
(83177267, 'ESTRADA ANA', '0', '0', 1, '0');

--
-- Índices para tablas volcadas
--

--
-- Indices de la tabla `alumno`
--
ALTER TABLE `alumno`
  ADD PRIMARY KEY (`cedula`),
  ADD KEY `cedula_representante` (`cedula_representante`);

--
-- Indices de la tabla `facturas`
--
ALTER TABLE `facturas`
  ADD PRIMARY KEY (`id`),
  ADD KEY `cliente_id` (`cliente_id`);

--
-- Indices de la tabla `registro_pagos`
--
ALTER TABLE `registro_pagos`
  ADD PRIMARY KEY (`id`),
  ADD KEY `cedula_estudiante` (`cedula_estudiante`),
  ADD KEY `cedula_representante` (`cedula_representante`);

--
-- Indices de la tabla `representante`
--
ALTER TABLE `representante`
  ADD PRIMARY KEY (`cedula`);

--
-- AUTO_INCREMENT de las tablas volcadas
--

--
-- AUTO_INCREMENT de la tabla `facturas`
--
ALTER TABLE `facturas`
  MODIFY `id` int(11) NOT NULL AUTO_INCREMENT, AUTO_INCREMENT=2;

--
-- AUTO_INCREMENT de la tabla `registro_pagos`
--
ALTER TABLE `registro_pagos`
  MODIFY `id` int(20) NOT NULL AUTO_INCREMENT, AUTO_INCREMENT=44044;

--
-- Restricciones para tablas volcadas
--

--
-- Filtros para la tabla `alumno`
--
ALTER TABLE `alumno`
  ADD CONSTRAINT `alumno_ibfk_1` FOREIGN KEY (`cedula_representante`) REFERENCES `representante` (`cedula`);

--
-- Filtros para la tabla `facturas`
--
ALTER TABLE `facturas`
  ADD CONSTRAINT `facturas_ibfk_1` FOREIGN KEY (`cliente_id`) REFERENCES `alumnos` (`id`);

--
-- Filtros para la tabla `registro_pagos`
--
ALTER TABLE `registro_pagos`
  ADD CONSTRAINT `registro_pagos_ibfk_1` FOREIGN KEY (`cedula_estudiante`) REFERENCES `alumno` (`cedula`),
  ADD CONSTRAINT `registro_pagos_ibfk_2` FOREIGN KEY (`cedula_representante`) REFERENCES `representante` (`cedula`);
COMMIT;

/*!40101 SET CHARACTER_SET_CLIENT=@OLD_CHARACTER_SET_CLIENT */;
/*!40101 SET CHARACTER_SET_RESULTS=@OLD_CHARACTER_SET_RESULTS */;
/*!40101 SET COLLATION_CONNECTION=@OLD_COLLATION_CONNECTION */;
